x0,y0,x1,y1,x2,y2,x3,y3,x4,y4
75.72602081298828,114.15966033935547,173.1588134765625,94.47317504882812,124.14154052734375,137.7607421875,106.5453872680664,182.296875,172.97947692871094,172.01036071777344
79.05591583251953,101.4605484008789,179.31398010253906,105.69720458984375,131.8780517578125,153.57948303222656,97.88629913330078,173.3460693359375,161.564453125,176.82716369628906
82.24510955810547,103.39137268066406,178.6988525390625,103.61041259765625,114.9160385131836,150.19444274902344,107.6091537475586,183.52294921875,161.472900390625,183.87237548828125
91.3568344116211,95.1280288696289,168.714599609375,111.81165313720703,112.18258666992188,129.6860809326172,77.75597381591797,162.3232421875,133.7964630126953,173.5204315185547
79.127197265625,91.97078704833984,182.3526153564453,115.35626220703125,119.68852996826172,151.4676971435547,88.98127746582031,178.35035705566406,139.71629333496094,190.81300354003906
87.47628784179688,104.4351577758789,175.8938446044922,102.99725341796875,144.4756317138672,141.8356475830078,103.0837173461914,178.34942626953125,162.18214416503906,172.51605224609375
80.11019134521484,107.03634643554688,172.10218811035156,100.19318389892578,126.0297622680664,144.95606994628906,103.4886245727539,176.55889892578125,168.09812927246094,169.70213317871094
83.30274200439453,102.55873107910156,175.75201416015625,104.90582275390625,105.77165222167969,143.4610137939453,94.72468566894531,177.71200561523438,144.33824157714844,180.7762451171875
82.38125610351562,115.99201965332031,160.99624633789062,91.8121337890625,120.59557342529297,150.86708068847656,114.06008911132812,177.56710815429688,172.721435546875,163.14599609375
89.80493927001953,92.7376708984375,171.63743591308594,114.8543930053711,141.2295379638672,151.605712890625,86.04303741455078,160.09422302246094,143.78045654296875,176.86984252929688
84.25955200195312,103.70565032958984,171.63063049316406,102.8382568359375,136.60731506347656,144.1631317138672,88.98194885253906,166.9779052734375,169.0470428466797,163.79165649414062
75.30252838134766,110.73899841308594,179.4402313232422,96.67505645751953,123.13823699951172,147.24388122558594,101.46237182617188,177.3562469482422,172.62246704101562,169.94769287109375
81.55036163330078,91.08247375488281,177.93597412109375,116.76996612548828,106.82312774658203,134.9655303955078,80.92064666748047,162.3187255859375,147.8090057373047,180.67185974121094
73.25841522216797,109.12471771240234,184.20440673828125,97.03067779541016,122.29867553710938,147.83953857421875,99.57461547851562,179.70985412597656,175.52468872070312,173.55020141601562
78.8467025756836,95.92224884033203,178.04856872558594,111.46493530273438,125.41714477539062,150.72198486328125,90.52393341064453,183.0961151123047,141.1616973876953,188.8505401611328
84.84537506103516,111.93988800048828,167.35105895996094,95.68187713623047,121.36629486083984,141.82296752929688,106.78189086914062,179.55113220214844,162.59605407714844,168.892333984375
71.12052154541016,107.1253433227539,183.85691833496094,100.69684600830078,134.55661010742188,147.7059783935547,104.31063079833984,189.9294891357422,156.04867553710938,188.36390686035156
87.38096618652344,101.62200164794922,174.52969360351562,105.90166473388672,128.62313842773438,141.4395294189453,103.21607971191406,177.39761352539062,153.19122314453125,182.69061279296875
80.85292053222656,113.06562805175781,170.00851440429688,94.42463684082031,114.40415954589844,125.5194320678711,101.71453857421875,179.4512481689453,159.54864501953125,166.04478454589844
73.32795715332031,113.17456817626953,172.50340270996094,94.65200805664062,136.13632202148438,145.06190490722656,104.42652130126953,176.55203247070312,170.69082641601562,161.6486053466797
80.1865234375,106.26140594482422,178.66983032226562,100.9896469116211,124.60282897949219,154.8126983642578,103.98577880859375,174.41925048828125,168.21646118164062,170.70021057128906
85.63431549072266,92.5670394897461,179.4344482421875,115.15697479248047,130.9228515625,130.53115844726562,87.28958892822266,162.92041015625,154.21604919433594,179.58543395996094
78.6364517211914,93.74737548828125,185.7799530029297,113.80274963378906,123.81546020507812,157.50567626953125,81.02454376220703,177.6074981689453,141.6728057861328,187.19297790527344
76.7664794921875,107.49693298339844,174.13682556152344,99.3730697631836,137.5747528076172,148.02545166015625,99.16368865966797,175.74478149414062,172.5140380859375,165.5016326904297
74.57401275634766,98.55992126464844,183.8379364013672,108.7614974975586,136.35012817382812,163.12242126464844,86.61376953125,175.10719299316406,158.08566284179688,182.66098022460938
81.17861938476562,116.97411346435547,168.3072052001953,90.75529479980469,142.44029235839844,136.79147338867188,116.04183197021484,176.82827758789062,177.17556762695312,157.05563354492188
79.89356994628906,112.50261688232422,171.2943572998047,94.72792053222656,114.48548126220703,144.1437530517578,101.37800598144531,174.83770751953125,172.00714111328125,161.42173767089844
77.76519775390625,96.41999816894531,177.72097778320312,110.60629272460938,115.8664779663086,159.07351684570312,88.8952407836914,168.93470764160156,151.7225799560547,178.4614715576172
74.42630004882812,92.2408218383789,190.5391845703125,114.90257263183594,134.23968505859375,133.3920440673828,88.83924865722656,180.27691650390625,145.25584411621094,188.7487030029297
77.95167541503906,104.26947784423828,172.7516326904297,102.7652587890625,134.58168029785156,133.08078002929688,87.27070617675781,167.0435791015625,160.22933959960938,166.49087524414062
78.64266967773438,105.04068756103516,176.25979614257812,102.20389556884766,123.1195068359375,146.89974975585938,92.93500518798828,170.5651397705078,169.17918395996094,168.78131103515625
64.77692413330078,108.20346069335938,187.6964874267578,99.1253662109375,145.5806884765625,158.87632751464844,101.86720275878906,196.48558044433594,159.1739959716797,190.43453979492188
78.46751403808594,97.61637115478516,170.43280029296875,108.86505889892578,127.67825317382812,136.2109832763672,90.95829010009766,177.76922607421875,148.45599365234375,185.05038452148438
81.3228530883789,104.47056579589844,180.1015625,102.74769592285156,118.7462387084961,165.7852020263672,108.89103698730469,182.1160888671875,165.97079467773438,184.6322784423828
89.00272369384766,87.67304229736328,178.9224395751953,119.7199478149414,144.02996826171875,138.857421875,86.39009094238281,168.8767547607422,141.14466857910156,187.4879150390625
85.3416976928711,96.87711334228516,173.08934020996094,110.64836120605469,135.3692626953125,138.8318634033203,89.73329162597656,168.36537170410156,152.66590881347656,177.9373779296875
70.47875213623047,105.03109741210938,188.6886444091797,102.51416015625,141.167236328125,145.3771209716797,95.26813507080078,182.80726623535156,165.04440307617188,180.63157653808594
67.66333770751953,105.10070037841797,180.8317413330078,102.65472412109375,123.37213134765625,160.99929809570312,92.24922943115234,182.9560089111328,152.49009704589844,185.7325439453125
78.32151794433594,114.39331817626953,171.61566162109375,93.1639404296875,128.140625,142.28614807128906,102.2025146484375,184.20037841796875,162.4557342529297,172.39208984375
85.21851348876953,99.59806823730469,174.71685791015625,107.86636352539062,138.96568298339844,145.5207977294922,91.57635498046875,175.19854736328125,150.29803466796875,180.17445373535156
77.36920166015625,91.32601928710938,177.9521026611328,115.95332336425781,119.14826202392578,138.26370239257812,79.36341857910156,171.38844299316406,146.37655639648438,181.2748260498047
79.31019592285156,104.62036895751953,180.57916259765625,102.2785415649414,145.0258026123047,127.1836166381836,103.59369659423828,177.66969299316406,164.8063507080078,178.8407440185547
85.67821502685547,103.27225494384766,172.51272583007812,104.15084075927734,142.59645080566406,144.6009521484375,94.97998809814453,166.8851776123047,163.83184814453125,165.3856201171875
80.1292953491211,96.2847900390625,180.74354553222656,111.19830322265625,134.9181671142578,147.68544006347656,87.20506286621094,174.429443359375,148.54794311523438,181.869140625
84.4046401977539,105.69867706298828,169.53797912597656,101.30815887451172,151.81137084960938,127.23487091064453,104.38390350341797,184.01368713378906,160.906982421875,180.07000732421875
88.49437713623047,101.40724182128906,171.4338836669922,105.94617462158203,145.39682006835938,131.65267944335938,98.94132995605469,165.40602111816406,161.87225341796875,166.11717224121094
76.618896484375,97.64887237548828,185.36819458007812,109.94607543945312,120.33784484863281,150.37368774414062,90.56722259521484,176.27865600585938,151.8350372314453,183.93272399902344
77.35383605957031,93.67167663574219,189.21470642089844,113.66624450683594,123.54596710205078,165.62200927734375,94.80215454101562,179.69497680664062,152.33990478515625,191.34439086914062
83.78248596191406,94.4776840209961,174.37879943847656,112.50152587890625,145.91915893554688,139.44473266601562,96.8308334350586,179.26345825195312,146.8328857421875,190.04620361328125
83.26174926757812,93.53411865234375,184.3592071533203,114.39468383789062,121.06095123291016,148.8227996826172,85.30561828613281,166.88104248046875,154.1246795654297,179.2731170654297
87.56129455566406,111.71858978271484,165.54049682617188,95.60494995117188,142.62112426757812,144.77481079101562,107.56702423095703,175.04124450683594,167.62890625,160.37948608398438
79.88990783691406,108.16265869140625,170.8827362060547,99.18722534179688,128.09930419921875,151.47576904296875,101.42929077148438,168.85057067871094,172.89073181152344,163.27130126953125
83.95755767822266,109.70751190185547,171.66156005859375,98.3582763671875,144.21311950683594,124.84796905517578,115.14029693603516,176.83192443847656,167.58753967285156,170.38421630859375
86.52412414550781,105.89836120605469,170.90821838378906,101.05061340332031,145.7507781982422,130.44000244140625,113.37654113769531,173.09547424316406,166.04006958007812,167.27487182617188
77.10517883300781,107.01406860351562,181.67271423339844,99.31657409667969,130.0357208251953,157.35147094726562,104.9510498046875,183.3365020751953,162.86074829101562,180.2123565673828
82.59330749511719,98.2155990600586,171.782958984375,108.99766540527344,127.57412719726562,124.40531921386719,91.79399871826172,172.1363067626953,150.1112518310547,177.8760223388672
86.83332824707031,96.56475067138672,177.23745727539062,110.56748962402344,126.88323211669922,141.3443603515625,88.58935546875,165.26666259765625,156.71566772460938,176.2166748046875
80.30941772460938,117.48760223388672,168.7799530029297,91.01836395263672,133.5489501953125,137.17803955078125,115.45257568359375,177.1090850830078,176.0079803466797,159.2721710205078
84.06224060058594,91.13114166259766,186.85211181640625,116.21296691894531,133.0415496826172,137.84124755859375,86.45903015136719,167.93942260742188,155.013916015625,181.48358154296875
82.197509765625,112.64409637451172,172.07260131835938,94.4972152709961,143.01980590820312,137.9005584716797,108.12191009521484,178.0497283935547,171.5777587890625,165.7855224609375
82.19483947753906,97.01192474365234,178.6898193359375,110.67420196533203,133.59671020507812,145.43943786621094,90.82975769042969,181.9661407470703,142.71841430664062,187.49766540527344
76.30877685546875,115.84263610839844,171.39816284179688,92.34956359863281,151.51246643066406,133.34527587890625,119.20597839355469,184.96246337890625,177.8505401611328,166.89942932128906
82.30607604980469,108.57554626464844,178.20443725585938,98.50968170166016,124.48155212402344,133.69161987304688,99.09036254882812,170.85653686523438,172.4282989501953,168.46221923828125
76.96404266357422,115.72789001464844,168.99169921875,92.3603515625,141.28558349609375,139.11915588378906,100.27131652832031,176.847900390625,169.61602783203125,162.88265991210938
77.4352035522461,96.27598571777344,182.29196166992188,111.36783599853516,124.39459991455078,138.2034912109375,86.8127670288086,175.6997833251953,155.2594451904297,186.32257080078125
79.82364654541016,96.65505981445312,182.62020874023438,110.89234161376953,119.8302993774414,137.15672302246094,85.63306427001953,174.32041931152344,152.44027709960938,183.58815002441406
83.0793685913086,97.93868255615234,183.59707641601562,109.06149291992188,128.9470977783203,143.48907470703125,91.04943084716797,165.85223388671875,168.86163330078125,175.22889709472656
80.7154541015625,120.99851989746094,164.67784118652344,86.1305160522461,119.43217468261719,140.17398071289062,119.03579711914062,183.0601348876953,175.14073181152344,163.14218139648438
80.2486801147461,105.12145233154297,178.27053833007812,101.72897338867188,133.9109649658203,121.4028549194336,108.94854736328125,172.03233337402344,170.08766174316406,169.16293334960938
77.4295883178711,109.52131652832031,174.753662109375,98.2469711303711,138.61434936523438,150.7521209716797,96.87663269042969,174.69467163085938,165.89195251464844,167.45339965820312
89.29420471191406,102.28266143798828,170.54058837890625,104.90499877929688,117.01927185058594,131.0459747314453,98.10345458984375,177.7188720703125,144.71702575683594,179.3912811279297
71.18187713623047,103.56402587890625,183.77505493164062,103.40843963623047,130.60780334472656,149.8858642578125,91.89878845214844,177.7478790283203,167.05169677734375,175.38433837890625
85.58737182617188,106.91873931884766,165.9702606201172,100.82110595703125,143.69033813476562,134.22166442871094,109.86137390136719,176.30555725097656,165.66171264648438,169.27235412597656
78.44560241699219,100.48920440673828,173.27191162109375,106.4453125,142.44869995117188,132.6855010986328,100.4477310180664,183.56210327148438,153.49530029296875,184.6588592529297
80.46414184570312,115.40673828125,167.94090270996094,91.9712905883789,126.23387908935547,144.9442901611328,113.65766143798828,181.60638427734375,169.6981658935547,165.57382202148438
83.24715423583984,107.89517211914062,171.27783203125,98.64251708984375,115.85157012939453,141.42083740234375,102.60879516601562,179.31771850585938,159.4617462158203,173.8311004638672
81.1540756225586,98.94459533691406,176.9399871826172,108.26663208007812,130.0596160888672,134.62049865722656,88.70743560791016,169.59552001953125,156.8305206298828,175.1258087158203
77.46748352050781,104.95682525634766,174.44058227539062,102.4011459350586,128.20974731445312,145.5846405029297,95.65901184082031,172.08587646484375,166.13668823242188,168.93495178222656
91.68916320800781,101.95069122314453,166.14306640625,105.48838806152344,103.6242904663086,141.22219848632812,94.20515441894531,167.71286010742188,151.4951934814453,170.1716766357422
85.60503387451172,98.49284362792969,177.2334442138672,108.82095336914062,124.67974090576172,137.5860137939453,93.98787689208984,168.13897705078125,157.34947204589844,174.8983154296875
79.23933410644531,119.54811096191406,167.57244873046875,88.62544250488281,134.30520629882812,135.05935668945312,110.44760131835938,176.35348510742188,178.90377807617188,151.40367126464844
85.29889678955078,104.9945068359375,172.5284881591797,102.06636810302734,150.19332885742188,154.64041137695312,98.97713470458984,184.35205078125,147.1343994140625,182.1945343017578
72.58528900146484,104.3143539428711,180.12864685058594,102.55921173095703,136.33120727539062,158.88705444335938,90.11770629882812,173.76953125,159.04127502441406,172.76022338867188
72.5821762084961,103.24871063232422,175.31790161132812,103.95675659179688,135.97137451171875,153.15090942382812,92.36829376220703,179.42698669433594,158.2144012451172,178.88450622558594
78.56665802001953,102.22529602050781,177.11245727539062,105.289306640625,130.51634216308594,120.74874114990234,99.47480010986328,176.08424377441406,155.01463317871094,179.7167205810547
72.74197387695312,116.7585220336914,181.42172241210938,90.54336547851562,123.03790283203125,116.0605239868164,101.49152374267578,180.8901824951172,177.93202209472656,162.55889892578125
83.08202362060547,106.81952667236328,175.75645446777344,100.76896667480469,126.72515106201172,139.88290405273438,99.2619400024414,171.65963745117188,172.51454162597656,165.61273193359375
91.7258071899414,101.90493774414062,162.54629516601562,105.54034423828125,135.8301544189453,125.39195251464844,104.1075668334961,171.5997314453125,150.61793518066406,170.01873779296875
94.31610870361328,88.73712921142578,171.84109497070312,119.27621459960938,124.2956771850586,139.85191345214844,83.818115234375,163.3140106201172,137.8002471923828,183.49539184570312
84.33634948730469,101.8538818359375,175.4630889892578,105.2621078491211,145.8249053955078,136.83346557617188,91.67652130126953,163.86813354492188,160.12161254882812,167.9051513671875
72.2241439819336,98.3377685546875,189.74586486816406,108.71955871582031,126.58078002929688,120.3848648071289,89.0848159790039,165.36080932617188,156.20985412597656,172.60598754882812
78.33819580078125,107.68567657470703,178.9742889404297,99.62637329101562,160.44769287109375,147.1658935546875,100.38170623779297,183.2818145751953,166.63587951660156,173.5149688720703
80.67839050292969,96.55741119384766,177.85084533691406,110.57804107666016,122.26730346679688,134.5885009765625,84.18889617919922,165.72999572753906,152.532470703125,177.97671508789062
73.57637023925781,114.065673828125,176.04119873046875,93.57086944580078,134.82705688476562,145.31382751464844,110.19397735595703,181.78945922851562,174.62423706054688,169.49989318847656
80.8507308959961,107.84774017333984,178.07803344726562,99.34709930419922,140.0065155029297,156.92738342285156,106.77882385253906,177.18649291992188,173.0591278076172,167.63182067871094
81.21875762939453,105.51079559326172,173.0198974609375,101.68901062011719,151.49874877929688,143.42568969726562,107.34818267822266,182.11114501953125,155.33204650878906,177.76153564453125
79.0244369506836,103.63188934326172,175.06541442871094,103.40538024902344,133.54168701171875,132.12811279296875,95.30503845214844,169.82421875,161.02784729003906,170.52850341796875
77.86144256591797,108.99765014648438,173.67352294921875,98.163818359375,120.33479309082031,149.03807067871094,109.11124420166016,189.4742889404297,160.2198486328125,182.11546325683594
78.41702270507812,110.2425537109375,169.2313995361328,97.01535034179688,138.66278076171875,134.12615966796875,103.10686492919922,173.48402404785156,164.6558380126953,165.39939880371094
82.6523666381836,98.88591766357422,174.85093688964844,108.86319732666016,126.68090057373047,145.0140838623047,79.96519470214844,158.89785766601562,155.68089294433594,170.73370361328125
75.77330017089844,112.43023681640625,177.0475616455078,94.43433380126953,125.23846435546875,158.04637145996094,107.11849212646484,180.15052795410156,173.0113983154297,170.1920623779297
83.32220458984375,100.87979125976562,170.63137817382812,106.05000305175781,103.8644790649414,132.67771911621094,90.43955993652344,173.53524780273438,143.85845947265625,182.29164123535156
76.19684600830078,99.40939331054688,186.43099975585938,107.80615997314453,143.44009399414062,141.46629333496094,90.67848205566406,176.0065460205078,166.52505493164062,180.14614868164062
88.8167724609375,111.3494873046875,172.25485229492188,95.9203872680664,120.08328247070312,134.67909240722656,115.97428894042969,178.87013244628906,170.5569305419922,167.46774291992188
90.76101684570312,105.0558853149414,167.4996795654297,103.14057159423828,133.57078552246094,140.4131317138672,108.58026885986328,182.66555786132812,151.98182678222656,177.90457153320312
81.17245483398438,97.78263092041016,176.81094360351562,110.00430297851562,104.8320541381836,140.14503479003906,82.8726806640625,167.13075256347656,147.89938354492188,176.3785400390625
77.3497314453125,113.87962341308594,171.55760192871094,93.75927734375,144.35301208496094,145.3267059326172,119.07842254638672,190.64236450195312,172.3278045654297,175.0374298095703
78.31549072265625,112.27668762207031,164.7098388671875,95.2856674194336,150.18516540527344,140.98004150390625,112.39156341552734,180.36729431152344,167.79624938964844,169.11294555664062
86.42877197265625,110.45970916748047,170.48033142089844,96.86175537109375,129.28445434570312,144.066650390625,107.05988311767578,178.3106231689453,168.78443908691406,167.10093688964844
72.87065124511719,102.2662353515625,180.06883239746094,104.4524154663086,130.77703857421875,153.26808166503906,93.65604400634766,185.11534118652344,150.0018310546875,185.88124084472656
86.92447662353516,98.75407409667969,173.1899871826172,108.27205657958984,139.79664611816406,133.48651123046875,88.37137603759766,165.0026092529297,161.68409729003906,168.55569458007812
79.12174987792969,98.99250793457031,178.82345581054688,107.99573516845703,126.9778823852539,132.36883544921875,90.7248764038086,171.38697814941406,157.66514587402344,177.33612060546875
83.26142120361328,113.1757583618164,171.4742431640625,94.16650390625,141.85507202148438,149.60693359375,113.57119750976562,178.97096252441406,173.25814819335938,168.81448364257812
78.74242401123047,112.23719024658203,174.1205596923828,95.58216094970703,125.18314361572266,153.97352600097656,105.89398193359375,174.62405395507812,175.99082946777344,161.02220153808594
74.83458709716797,103.12177276611328,181.95411682128906,104.25267028808594,137.79849243164062,150.7637176513672,105.29804229736328,188.65538024902344,156.8012237548828,186.89720153808594
77.42285919189453,108.72464752197266,173.48587036132812,98.42830657958984,122.24053192138672,139.8422393798828,92.2930908203125,170.55630493164062,166.20736694335938,165.7196502685547
84.81155395507812,92.27011108398438,174.93565368652344,115.02777862548828,124.80781555175781,150.03175354003906,81.83731079101562,158.3055419921875,147.61956787109375,170.67889404296875
74.47174072265625,104.56434631347656,183.27330017089844,102.38453674316406,130.8844757080078,134.56675720214844,98.3009262084961,167.27577209472656,169.11480712890625,166.14852905273438
84.37782287597656,104.49939727783203,175.140869140625,102.673583984375,132.54830932617188,130.04403686523438,103.12156677246094,171.47286987304688,167.6656036376953,168.0033721923828
76.31846618652344,105.14232635498047,179.53395080566406,102.00358581542969,129.33609008789062,138.57872009277344,97.15615844726562,180.7587890625,160.5229949951172,173.52464294433594
79.88523864746094,100.7115707397461,175.27618408203125,106.46541595458984,122.55938720703125,144.017822265625,90.7259750366211,167.7555389404297,162.34292602539062,173.10362243652344
82.28842163085938,107.46208190917969,167.49639892578125,99.70249938964844,131.5198211669922,141.40428161621094,101.30274963378906,178.51034545898438,159.3389434814453,170.76419067382812
83.21127319335938,100.70040130615234,172.3948516845703,106.3366928100586,107.4764175415039,146.5469207763672,96.11467742919922,174.44546508789062,155.37142944335938,179.72537231445312
79.14871978759766,113.23543548583984,174.12008666992188,94.28986358642578,135.90371704101562,142.19195556640625,104.69010162353516,179.29251098632812,174.44125366210938,163.29360961914062
84.22599792480469,84.56654357910156,186.3362274169922,123.48413848876953,125.24533081054688,139.57281494140625,73.62805938720703,161.6039581298828,142.65220642089844,180.7599639892578
89.11096954345703,93.68585968017578,177.8843231201172,113.78900146484375,144.36634826660156,142.64222717285156,85.28289031982422,167.6742401123047,154.12176513671875,180.4800567626953
74.23332214355469,106.22559356689453,184.1920623779297,101.47171783447266,137.95335388183594,122.69611358642578,104.56058502197266,173.65269470214844,173.35865783691406,167.33868408203125
80.89582061767578,98.36573791503906,181.9480743408203,109.34822845458984,123.62471771240234,163.6904296875,92.23004913330078,169.4827117919922,161.42034912109375,177.9248809814453
76.98110961914062,114.61149597167969,171.65538024902344,93.22761535644531,129.86019897460938,145.255859375,110.21812438964844,180.41722106933594,169.31700134277344,163.80496215820312
87.46599578857422,93.62677001953125,178.63792419433594,114.75047302246094,110.89679718017578,133.60032653808594,83.2303695678711,171.71176147460938,140.7321319580078,182.7093963623047
76.69588470458984,102.39997100830078,178.8396759033203,104.51663970947266,116.11600494384766,129.42152404785156,95.1771240234375,182.59738159179688,146.56358337402344,185.028076171875
75.46878814697266,111.72440338134766,171.44940185546875,95.55261993408203,140.06591796875,134.9025115966797,101.67379760742188,177.47178649902344,164.9814453125,166.48085021972656
74.15187072753906,113.48189544677734,172.96067810058594,93.97023010253906,127.9172134399414,132.18716430664062,111.96756744384766,182.07029724121094,166.85154724121094,167.53648376464844
84.83038330078125,93.66828155517578,178.21224975585938,113.47457885742188,131.65025329589844,144.28451538085938,89.741455078125,168.99867248535156,150.50515747070312,182.718994140625
73.41336059570312,104.9908218383789,176.44815063476562,102.30107879638672,118.87030029296875,143.77134704589844,92.20870971679688,182.51528930664062,152.87835693359375,180.0741424560547
78.268310546875,109.62421417236328,179.1636199951172,97.63130950927734,130.35061645507812,151.4784393310547,113.5476303100586,189.13197326660156,172.9545135498047,183.46824645996094
86.30425262451172,108.89725494384766,169.944091796875,98.56999206542969,156.07627868652344,144.39401245117188,101.15015411376953,174.4778594970703,161.1451416015625,167.4309844970703
79.56652069091797,92.58416748046875,182.765380859375,114.99401092529297,129.08119201660156,168.66085815429688,83.0780258178711,177.2430419921875,143.745361328125,191.43917846679688
83.49830627441406,90.48030090332031,181.15859985351562,117.07786560058594,131.3074493408203,131.9853973388672,89.34793090820312,171.08364868164062,142.62515258789062,185.6269073486328
91.33442687988281,102.4967269897461,168.26251220703125,104.65612030029297,145.14654541015625,129.9418182373047,118.29554748535156,174.89999389648438,169.121337890625,171.05282592773438
84.61994171142578,113.46064758300781,163.8538818359375,94.24364471435547,133.5075225830078,140.7390594482422,111.19873809814453,178.5292510986328,163.80421447753906,166.34793090820312
82.48394012451172,103.04324340820312,179.10850524902344,104.48297882080078,122.0007095336914,136.24790954589844,98.09251403808594,185.4312286376953,151.23793029785156,186.29971313476562
76.2528076171875,102.34916687011719,179.592529296875,105.12045288085938,131.39617919921875,146.56553649902344,95.61361694335938,182.79898071289062,152.03533935546875,185.4830780029297
79.1143569946289,109.18978118896484,177.11834716796875,98.46334075927734,127.91452026367188,139.2681884765625,95.23450469970703,169.54885864257812,174.0308837890625,162.51443481445312
81.5157699584961,92.08936309814453,176.6841583251953,115.28672790527344,127.55593872070312,144.09519958496094,84.70034790039062,171.32196044921875,142.28335571289062,183.28724670410156
73.99066162109375,122.39048767089844,179.4014129638672,85.14058685302734,146.40330505371094,137.80323791503906,126.21595764160156,189.341552734375,186.4025421142578,168.37567138671875
73.24433898925781,102.92020416259766,183.96441650390625,103.82933044433594,128.49859619140625,148.79922485351562,101.55237579345703,190.96420288085938,155.55166625976562,191.15060424804688
80.34159088134766,99.66189575195312,176.38717651367188,107.29389190673828,126.43553161621094,146.56114196777344,86.98239135742188,163.77371215820312,162.5106201171875,166.9054718017578
85.12321472167969,96.95155334472656,176.96908569335938,110.02473449707031,129.3488006591797,142.45718383789062,87.7919921875,170.9664764404297,156.26266479492188,179.6779022216797
64.1484603881836,125.17080688476562,181.05670166015625,83.20598602294922,128.17111206054688,135.1026611328125,115.10467529296875,191.01480102539062,180.0596466064453,163.23255920410156
82.90107727050781,114.2823715209961,177.0067596435547,93.06321716308594,151.99989318847656,144.96090698242188,114.704833984375,184.1600341796875,174.4400177001953,172.5464630126953
80.77613830566406,100.75115203857422,171.94894409179688,106.4949722290039,124.71958923339844,143.71067810058594,94.54803466796875,180.39517211914062,150.14303588867188,181.1283721923828
91.73207092285156,105.138427734375,163.27774047851562,102.00364685058594,124.32563781738281,143.39064025878906,93.85330963134766,163.67587280273438,162.88671875,163.92176818847656
83.29695129394531,96.70027923583984,182.5040740966797,110.40581512451172,122.7973403930664,138.75929260253906,88.21238708496094,161.05264282226562,160.33621215820312,170.45852661132812
79.33712005615234,98.01466369628906,178.60240173339844,109.01463317871094,136.31289672851562,139.00555419921875,85.70599365234375,166.34738159179688,163.0347900390625,171.366455078125
77.42018127441406,95.127685546875,176.3249053955078,112.35001373291016,109.34014129638672,157.56948852539062,86.15738677978516,171.36679077148438,148.1998291015625,185.4167938232422
76.51412200927734,123.38993072509766,169.9713134765625,84.78092956542969,146.69300842285156,144.99636840820312,121.00106048583984,187.46421813964844,182.5796356201172,161.0546417236328
78.92816162109375,124.87446594238281,163.06932067871094,83.15097045898438,138.6541290283203,140.7442626953125,124.06088256835938,179.19647216796875,183.24755859375,151.5598907470703
83.50148010253906,102.2391357421875,177.0095977783203,104.88702392578125,119.00428771972656,136.29931640625,97.0096206665039,177.6334686279297,148.1234130859375,180.8786163330078
82.35189056396484,93.34508514404297,183.91712951660156,113.9624252319336,139.8084716796875,165.03025817871094,86.8233413696289,177.49343872070312,150.05311584472656,187.46104431152344
81.26777648925781,124.35535430908203,163.14706420898438,83.8094482421875,143.55728149414062,139.916748046875,124.30618286132812,182.4140167236328,184.04837036132812,153.71376037597656
84.61654663085938,111.27836608886719,164.82461547851562,96.14208984375,106.6707534790039,144.93276977539062,111.33724212646484,183.74456787109375,164.3867645263672,172.1434783935547
77.45703887939453,97.97084045410156,182.59901428222656,109.29049682617188,126.5237808227539,148.50746154785156,84.03793334960938,176.2132110595703,149.59628295898438,184.4040069580078
87.82246398925781,108.87407684326172,168.2196807861328,98.12313842773438,109.9725341796875,144.9693145751953,107.24832916259766,169.42315673828125,170.40945434570312,160.93548583984375
79.80345916748047,112.66816711425781,170.05458068847656,94.84339141845703,121.66181945800781,129.14012145996094,107.62958526611328,176.99293518066406,169.84494018554688,163.04522705078125
74.87979125976562,109.43437194824219,179.46133422851562,98.1817398071289,128.4185028076172,149.8315887451172,102.15949249267578,170.3407440185547,172.1129608154297,162.8176727294922
89.11539459228516,88.82530212402344,178.55833435058594,119.37686157226562,112.73929595947266,132.12437438964844,80.56842803955078,158.52796936035156,135.7021484375,179.2323760986328
82.41828155517578,98.37162017822266,171.01275634765625,108.86708068847656,117.71182250976562,139.63543701171875,83.61812591552734,164.66165161132812,156.32058715820312,171.20193481445312
75.6039810180664,107.89205932617188,175.93873596191406,99.0631103515625,135.52642822265625,138.03074645996094,104.70841217041016,181.02163696289062,164.10211181640625,174.21481323242188
77.12467193603516,123.93746185302734,161.8592529296875,84.3669204711914,142.7663116455078,156.7307586669922,130.43447875976562,189.9020538330078,184.55882263183594,161.9195556640625
79.52873229980469,108.97449493408203,171.93829345703125,98.3634033203125,137.03045654296875,142.93450927734375,99.53218078613281,169.580078125,170.1103973388672,159.9803924560547
71.39056396484375,115.80230712890625,172.33811950683594,92.23664855957031,129.8942413330078,141.7735595703125,106.48749542236328,180.62498474121094,174.82525634765625,165.2738037109375
76.63195037841797,100.65338134765625,178.5758514404297,106.4788589477539,128.6592559814453,159.74765014648438,98.3542709350586,181.18923950195312,156.18922424316406,184.0242919921875
77.92009735107422,109.2893295288086,171.66259765625,97.9516372680664,141.1647491455078,133.26150512695312,113.57252502441406,185.46615600585938,161.79486083984375,179.01438903808594
80.0323486328125,100.61280822753906,181.89662170410156,106.83599853515625,121.3224105834961,130.33456420898438,94.75692749023438,175.53656005859375,148.5840606689453,177.10662841796875
75.63350677490234,106.9453353881836,180.11785888671875,100.1718521118164,115.80473327636719,120.63404083251953,93.19297790527344,185.6142578125,151.5354766845703,181.81842041015625
79.0025634765625,125.57476043701172,162.93405151367188,82.37608337402344,118.21700286865234,145.0747833251953,124.64494323730469,187.2157440185547,178.77345275878906,162.9989013671875
81.5704116821289,119.12290954589844,167.33538818359375,89.07159423828125,142.48439025878906,143.0534210205078,120.43496704101562,185.11505126953125,171.38400268554688,162.03323364257812
82.01994323730469,104.16313934326172,173.65853881835938,102.7872314453125,149.01441955566406,139.28773498535156,104.27383422851562,188.3091278076172,156.93540954589844,187.84521484375
81.33943939208984,124.7801742553711,162.0968475341797,82.5668716430664,116.75717163085938,133.4517364501953,123.20263671875,188.42823791503906,168.317626953125,165.5721893310547
86.46319580078125,87.87124633789062,182.71160888671875,119.638916015625,117.14073944091797,160.12545776367188,86.32994079589844,168.6195831298828,143.64080810546875,188.2039337158203
90.6812744140625,93.22689056396484,175.042724609375,114.21415710449219,133.60922241210938,145.92652893066406,90.20709228515625,168.6250762939453,136.78260803222656,180.9821014404297
74.77645111083984,105.88766479492188,177.01622009277344,101.36503601074219,128.70849609375,117.7654800415039,99.91161346435547,176.76808166503906,164.9503631591797,173.48989868164062
85.45518493652344,101.73243713378906,167.5030975341797,105.60235595703125,115.60802459716797,140.87850952148438,92.4971694946289,172.09152221679688,153.0833740234375,172.81524658203125
76.53414154052734,110.71574401855469,178.4892578125,96.72679901123047,138.17062377929688,140.37513732910156,99.35356903076172,179.22181701660156,169.5537872314453,167.32424926757812
81.92106628417969,86.5178451538086,181.8942413330078,121.75398254394531,131.32656860351562,153.05892944335938,73.6270751953125,161.98883056640625,142.99777221679688,184.0855712890625
85.26567077636719,112.03614807128906,165.07192993164062,96.0562744140625,114.38937377929688,131.41009521484375,108.27276611328125,176.26426696777344,157.45916748046875,165.09593200683594
84.36543273925781,118.33224487304688,160.73899841308594,89.34329986572266,124.43228912353516,143.4472198486328,127.95512390136719,186.7687225341797,167.13555908203125,164.46133422851562
74.69881439208984,110.8895263671875,175.69017028808594,96.40638732910156,130.4938507080078,142.0225067138672,113.7503433227539,189.2946319580078,168.018310546875,183.9259033203125
78.17049407958984,109.00768280029297,173.03469848632812,98.07962036132812,132.53866577148438,152.4224090576172,101.49475860595703,173.74205017089844,167.6948699951172,164.3904571533203
77.74970245361328,101.52549743652344,174.5977325439453,105.77230072021484,129.0581512451172,146.78741455078125,88.41108703613281,164.29345703125,162.7335205078125,170.1449737548828
85.14385223388672,106.26373291015625,168.5813446044922,101.58392333984375,123.98413848876953,143.58035278320312,99.37665557861328,166.8125,163.1359405517578,161.7435760498047
78.95768737792969,101.7492904663086,180.23707580566406,105.19710540771484,128.5709228515625,152.187255859375,94.4708023071289,182.34902954101562,155.6938934326172,184.9730224609375
71.96603393554688,107.01705932617188,177.14231872558594,100.262939453125,126.35346221923828,148.57583618164062,88.49272918701172,174.66453552246094,169.24838256835938,168.42076110839844
85.49745178222656,93.99675750732422,181.1211395263672,113.70943450927734,147.44107055664062,145.33302307128906,93.15522766113281,175.2652587890625,147.7076873779297,184.6879119873047
76.98976135253906,102.42314147949219,177.79965209960938,104.3238525390625,126.5478515625,158.60122680664062,94.1041030883789,176.36453247070312,158.18115234375,181.38902282714844
75.14218139648438,107.3852767944336,183.97059631347656,99.86949157714844,134.37400817871094,158.39466857910156,106.33187103271484,187.6921844482422,164.5564727783203,183.49130249023438
83.19683837890625,84.53606414794922,178.57118225097656,123.28062438964844,120.85575103759766,129.49729919433594,75.3561019897461,163.81365966796875,130.62319946289062,183.8853759765625
76.939208984375,99.08766174316406,179.095703125,108.2320327758789,119.99585723876953,152.16552734375,93.17552947998047,180.51341247558594,158.51336669921875,186.05844116210938
75.40542602539062,104.40612030029297,184.72506713867188,102.88741302490234,130.0927734375,164.13714599609375,92.99739837646484,173.2616729736328,161.43890380859375,172.61691284179688
71.94632720947266,103.98116302490234,180.51773071289062,103.10393524169922,126.46127319335938,128.6492156982422,89.65473937988281,176.6201934814453,164.24697875976562,176.68704223632812
78.24192810058594,99.8913803100586,180.34983825683594,107.83858489990234,123.7159194946289,145.22804260253906,94.2044906616211,178.48281860351562,149.0992889404297,182.34739685058594
80.81458282470703,86.57000732421875,189.61117553710938,121.86592864990234,120.03618621826172,169.04710388183594,83.4570083618164,170.61598205566406,149.27902221679688,192.86546325683594
81.06842041015625,107.74436950683594,173.73927307128906,99.5938491821289,134.56187438964844,148.74058532714844,112.7521743774414,188.7459716796875,157.40725708007812,182.5619354248047
89.50328063964844,98.44446563720703,177.3291473388672,108.8514404296875,134.943359375,144.35357666015625,93.66400146484375,165.03712463378906,162.3845977783203,171.4152069091797
76.21537017822266,118.56242370605469,172.92755126953125,88.54827880859375,129.14144897460938,146.36082458496094,120.52644348144531,189.51174926757812,175.8118438720703,172.9893341064453
80.6844711303711,91.24513244628906,179.36788940429688,115.89773559570312,126.43364715576172,148.51844787597656,87.1567611694336,181.9611053466797,137.48080444335938,191.75294494628906
79.98857116699219,106.52816772460938,179.2106475830078,100.72393035888672,133.69357299804688,149.9592742919922,105.93659973144531,185.74630737304688,162.20301818847656,182.34127807617188
84.82398223876953,101.9870834350586,176.2466278076172,105.01708984375,131.98333740234375,152.65223693847656,98.96524810791016,172.59327697753906,162.40621948242188,172.18238830566406
79.25691986083984,126.65716552734375,175.4495849609375,80.66764068603516,137.78359985351562,129.38302612304688,120.80008697509766,186.3904266357422,186.1334991455078,155.41554260253906
78.16500091552734,117.95088195800781,172.6768798828125,89.72901153564453,130.80772399902344,141.4400634765625,112.35942840576172,179.65443420410156,182.65863037109375,160.85357666015625
84.74358367919922,99.88072967529297,174.0051727294922,107.60333251953125,139.6281280517578,136.0406036376953,92.44815826416016,165.6846160888672,163.06613159179688,168.2565460205078
76.57061004638672,89.38240814208984,191.2720489501953,118.64234924316406,135.07940673828125,138.02220153808594,74.65530395507812,161.0251922607422,159.0174102783203,179.06582641601562
85.57591247558594,102.17231750488281,172.30238342285156,104.63756561279297,119.7628402709961,135.1238555908203,96.17681121826172,179.75198364257812,152.14822387695312,181.63784790039062
80.03630828857422,114.81759643554688,165.89273071289062,93.1575927734375,119.03318786621094,139.218994140625,111.88370513916016,177.9417724609375,170.41766357421875,166.03379821777344
79.34391021728516,110.09242248535156,171.4322967529297,97.70735931396484,114.81141662597656,145.49049377441406,100.72439575195312,172.0965576171875,171.37741088867188,164.1077423095703
78.83687591552734,105.59844970703125,177.64366149902344,101.4184799194336,130.1878662109375,151.341064453125,93.07870483398438,169.93386840820312,165.91188049316406,168.77870178222656
83.65362548828125,102.16824340820312,172.61334228515625,105.11973571777344,127.19031524658203,134.31674194335938,103.74591064453125,184.03904724121094,157.03326416015625,185.3009490966797
87.78240966796875,90.23872375488281,175.25567626953125,117.40583801269531,115.6789779663086,132.90997314453125,77.11380004882812,153.11973571777344,141.1781005859375,175.16993713378906
83.47634887695312,115.29415130615234,174.01910400390625,91.90940856933594,147.9550018310547,136.02369689941406,124.21686553955078,185.4801483154297,181.43580627441406,171.6350860595703
71.03916931152344,101.93451690673828,183.0677947998047,105.03006744384766,111.99942016601562,160.62493896484375,94.93647766113281,188.8428497314453,156.75631713867188,187.74681091308594
80.09999084472656,89.73616027832031,179.72491455078125,118.04029846191406,117.95307159423828,143.91036987304688,78.15913391113281,165.08058166503906,135.81822204589844,182.2041473388672
84.22117614746094,121.55768585205078,160.10433959960938,86.6043701171875,128.66937255859375,142.1717529296875,128.36085510253906,184.10337829589844,173.6520233154297,162.64027404785156
82.15220642089844,110.93069458007812,175.89210510253906,96.08324432373047,155.3511505126953,129.12022399902344,117.4968490600586,184.64865112304688,176.727783203125,173.11447143554688
72.77059936523438,107.20580291748047,175.91468811035156,100.02812194824219,137.15652465820312,152.40432739257812,100.05628204345703,185.04684448242188,160.29983520507812,182.6217803955078
80.94132995605469,100.80471801757812,177.28488159179688,106.32935333251953,125.60539245605469,140.257080078125,91.23737335205078,173.5133514404297,158.68711853027344,177.2723388671875
78.52335357666016,112.7068099975586,172.0800323486328,94.56271362304688,131.41404724121094,149.5638885498047,103.76235961914062,178.26318359375,172.09713745117188,163.51541137695312
77.13418579101562,108.99435424804688,183.52027893066406,98.34346008300781,128.6180877685547,151.3411865234375,101.38777923583984,174.9848175048828,174.75222778320312,164.95799255371094
78.95918273925781,116.18453979492188,167.41412353515625,91.61453247070312,119.3120346069336,152.34109497070312,119.22997283935547,187.66143798828125,168.21954345703125,173.17401123046875
82.61128234863281,99.58068084716797,176.341552734375,108.26638793945312,124.35057067871094,150.5292205810547,88.4865951538086,167.29653930664062,154.7291717529297,175.87298583984375
89.04190826416016,93.64085388183594,176.25711059570312,113.8652114868164,136.39256286621094,137.16627502441406,86.22726440429688,161.31263732910156,152.72647094726562,175.481689453125
81.06804656982422,124.94762420654297,166.58612060546875,82.72847747802734,147.01495361328125,137.61192321777344,125.41651916503906,181.98599243164062,184.81890869140625,151.94248962402344
87.98106384277344,94.15141296386719,174.54568481445312,113.24702453613281,145.07452392578125,147.4933319091797,83.56562042236328,162.63641357421875,146.59213256835938,174.24197387695312
84.95700073242188,100.48375701904297,168.25498962402344,107.2469482421875,135.97410583496094,139.08914184570312,96.1961898803711,175.92373657226562,152.30764770507812,178.6984100341797
84.81110382080078,89.11885070800781,179.73605346679688,119.33039855957031,126.3798828125,143.05111694335938,75.34880065917969,159.67721557617188,141.41253662109375,178.41021728515625
76.38002014160156,108.38878631591797,174.58529663085938,99.2350082397461,116.8519058227539,125.19322204589844,93.25209045410156,174.89593505859375,162.76028442382812,169.81793212890625
87.40438842773438,108.58914184570312,166.4298095703125,98.95375061035156,151.9103546142578,130.83950805664062,115.32686614990234,178.9167022705078,165.93643188476562,171.6953887939453
85.52549743652344,100.3786392211914,174.8768768310547,107.1214828491211,148.80569458007812,148.11814880371094,100.34758758544922,183.18409729003906,154.43157958984375,183.10342407226562
69.54385375976562,113.69332885742188,183.0850067138672,93.67813873291016,127.68183135986328,164.9527587890625,112.05870056152344,186.48179626464844,176.2579803466797,179.05718994140625
77.54638671875,118.26348876953125,167.71949768066406,88.45935821533203,120.19112396240234,154.84463500976562,119.50029754638672,184.98739624023438,176.11363220214844,168.57591247558594
88.69999694824219,90.06625366210938,170.20188903808594,117.55503845214844,111.78785705566406,135.8461151123047,77.27904510498047,161.1467742919922,140.50717163085938,178.4568634033203
77.6973876953125,104.67375183105469,174.78665161132812,102.7405014038086,132.0658721923828,143.98818969726562,96.90767669677734,172.2196807861328,162.06695556640625,173.78778076171875
91.92286682128906,93.5262680053711,173.09002685546875,113.84590148925781,108.82960510253906,132.8787841796875,86.75141906738281,171.65513610839844,129.12887573242188,185.85098266601562
76.54320526123047,109.6116714477539,172.24569702148438,97.45748138427734,108.29084014892578,152.07940673828125,106.17982482910156,183.04672241210938,157.50965881347656,177.8590850830078
94.18846893310547,96.92931365966797,163.37696838378906,110.4246597290039,141.98410034179688,148.1854248046875,84.33883666992188,162.4993896484375,143.98635864257812,173.4659423828125
82.37879943847656,121.06536865234375,169.53097534179688,86.4962387084961,125.4968490600586,146.1273651123047,119.48963928222656,180.40060424804688,180.5941925048828,156.87745666503906
76.84996032714844,97.52799224853516,187.6800079345703,109.61183166503906,128.90609741210938,152.23049926757812,96.33951568603516,186.73619079589844,153.189208984375,191.2228546142578
80.17020416259766,99.97310638427734,176.6600341796875,107.2115249633789,132.36117553710938,132.70657348632812,95.06000518798828,170.4599609375,159.13218688964844,173.27783203125
79.19695281982422,106.90229797363281,182.19297790527344,100.05470275878906,131.34710693359375,147.11549377441406,104.75505065917969,186.3198699951172,169.60989379882812,178.55892944335938
83.91386413574219,104.9092025756836,179.24423217773438,102.76421356201172,124.66439819335938,132.15199279785156,96.69066619873047,168.54623413085938,163.85813903808594,169.41476440429688
71.82211303710938,93.01361846923828,192.44949340820312,114.18244934082031,138.13619995117188,153.49293518066406,89.05867004394531,177.97706604003906,153.00511169433594,188.98170471191406
85.0435791015625,109.39703369140625,170.0267333984375,98.17232513427734,157.0502471923828,138.08389282226562,114.9917221069336,186.17434692382812,170.8184051513672,177.1398162841797
77.25534057617188,95.29317474365234,182.83963012695312,111.85523986816406,104.22713470458984,129.78384399414062,79.98172760009766,170.6931610107422,149.7460479736328,184.08840942382812
82.38812255859375,113.02812194824219,169.6793975830078,94.87849426269531,117.51893615722656,147.7895050048828,108.90007781982422,174.0447998046875,172.22836303710938,164.74020385742188
82.94342803955078,109.09221649169922,172.81234741210938,98.11204528808594,127.82009887695312,154.4110107421875,115.45193481445312,187.64273071289062,170.04339599609375,180.96705627441406
86.18124389648438,101.56023406982422,175.01307678222656,105.36297607421875,149.74383544921875,134.97186279296875,99.80110931396484,168.92694091796875,171.43731689453125,167.9221954345703
80.88330841064453,103.50591278076172,174.9432373046875,103.18721771240234,130.31011962890625,153.98660278320312,95.38716888427734,171.67649841308594,159.15476989746094,173.51168823242188
73.1265640258789,107.2387466430664,182.13528442382812,99.1604232788086,133.01699829101562,150.6370391845703,101.02859497070312,184.68052673339844,171.13955688476562,178.231689453125
78.87263488769531,106.29035949707031,179.70851135253906,101.01966094970703,125.83629608154297,145.43678283691406,112.600341796875,187.69052124023438,160.22817993164062,182.94354248046875
75.75553894042969,111.92530059814453,172.12347412109375,95.78782653808594,111.70084381103516,125.12914276123047,95.78216552734375,180.7501220703125,161.40188598632812,174.4390869140625
80.16976928710938,111.80730438232422,171.3157958984375,95.59150695800781,128.7946319580078,136.4839630126953,100.21514892578125,174.2952423095703,173.0614776611328,162.26406860351562
82.45398712158203,102.32402801513672,177.98297119140625,104.58165740966797,139.2882080078125,147.51426696777344,103.53197479248047,178.82681274414062,161.1837615966797,177.2805633544922
81.66697692871094,99.19320678710938,178.9736328125,108.06468963623047,131.3828125,154.4446258544922,90.2437744140625,171.45774841308594,159.51950073242188,176.69337463378906
81.53821563720703,99.97529602050781,174.19271850585938,106.91588592529297,122.40474700927734,137.5033721923828,88.69502258300781,167.82763671875,164.34152221679688,172.1147003173828
80.85201263427734,105.93495178222656,177.28936767578125,101.88667297363281,131.18409729003906,142.47482299804688,108.24935913085938,183.8505096435547,163.83656311035156,183.32350158691406
71.78424835205078,122.14143371582031,176.43638610839844,85.60746765136719,115.71452331542969,127.90559387207031,110.64518737792969,193.11610412597656,166.09817504882812,171.73065185546875
85.72018432617188,95.59202575683594,179.64251708984375,111.49995422363281,144.704833984375,133.35385131835938,98.36846160888672,173.33975219726562,156.52003479003906,183.88360595703125
72.48795318603516,116.57942962646484,182.77638244628906,90.34247589111328,137.7465362548828,150.2764129638672,116.83268737792969,191.51280212402344,173.7523651123047,178.5495147705078
84.57510375976562,97.47295379638672,172.52964782714844,110.08412170410156,146.37744140625,140.91897583007812,85.0696029663086,163.9346466064453,149.32968139648438,171.47186279296875
86.58299255371094,95.70832061767578,176.04833984375,111.6745376586914,120.9063491821289,146.00193786621094,95.01361846923828,178.01129150390625,142.20384216308594,187.73330688476562
83.4390640258789,100.93766784667969,171.38253784179688,106.48268127441406,143.20323181152344,130.2721405029297,92.64234161376953,165.59095764160156,154.10581970214844,170.57232666015625
85.5483169555664,92.39495086669922,176.7662353515625,115.77070617675781,126.6614761352539,150.89173889160156,83.93144989013672,162.66351318359375,153.6133270263672,178.79074096679688
75.72021484375,117.5054702758789,172.31275939941406,90.26850128173828,119.38994598388672,148.81544494628906,119.16559600830078,190.87350463867188,171.70687866210938,179.7943878173828
85.99342346191406,83.07456970214844,181.51263427734375,125.51704406738281,116.93353271484375,142.44882202148438,76.96098327636719,168.65859985351562,131.6204833984375,189.2542266845703
77.49064636230469,120.03792572021484,171.60189819335938,87.80486297607422,140.40652465820312,150.78494262695312,107.2444839477539,180.5050506591797,179.1461639404297,154.30673217773438
79.90132904052734,108.84535217285156,171.2363739013672,98.70970153808594,128.516357421875,136.55712890625,103.08741760253906,174.64996337890625,162.30426025390625,167.62530517578125
79.70265197753906,102.78021240234375,179.70034790039062,104.57429504394531,145.2576141357422,129.87535095214844,108.43363189697266,183.73110961914062,161.24192810058594,183.2257537841797
72.14430236816406,105.82112121582031,180.18101501464844,101.45298767089844,127.57022094726562,149.09933471679688,94.71698760986328,173.13604736328125,167.25096130371094,171.4962158203125
85.58039093017578,106.43566131591797,171.01036071777344,100.72509765625,157.35952758789062,143.23573303222656,98.26274108886719,171.59461975097656,164.1793212890625,164.4916229248047
84.65581512451172,87.20952606201172,181.70169067382812,120.39013671875,131.86805725097656,128.19497680664062,76.62681579589844,158.2541961669922,148.13429260253906,176.7050018310547
89.49624633789062,94.72543334960938,169.755615234375,112.69544982910156,129.36959838867188,143.64112854003906,89.72990417480469,170.4777374267578,140.0884246826172,181.41310119628906
77.68782043457031,113.47693634033203,172.22857666015625,94.12303924560547,135.63821411132812,129.47030639648438,106.62712097167969,180.1258087158203,172.7178192138672,164.48333740234375
78.13252258300781,98.51252746582031,177.72933959960938,109.12248229980469,141.68380737304688,145.9011688232422,90.39497375488281,171.9854278564453,160.77938842773438,181.78741455078125
73.65853118896484,105.14783477783203,180.58367919921875,101.5888442993164,128.0438690185547,125.05020904541016,94.66351318359375,167.1905975341797,169.76904296875,164.44178771972656
80.12134552001953,104.35921478271484,178.13218688964844,103.04927825927734,112.48953247070312,147.22509765625,100.29798889160156,178.59764099121094,159.06277465820312,178.70603942871094
83.18968963623047,83.31163024902344,177.60711669921875,123.31397247314453,123.66537475585938,139.00662231445312,75.49942779541016,154.61338806152344,139.34947204589844,178.62979125976562
81.89476013183594,112.60381317138672,165.35743713378906,95.21846771240234,129.51123046875,125.11467742919922,114.1145248413086,185.05096435546875,161.72918701171875,174.60467529296875
75.01344299316406,113.69673156738281,178.62246704101562,93.49663543701172,125.4457015991211,156.93569946289062,119.03343963623047,190.0621337890625,174.17385864257812,182.17123413085938
88.04553985595703,94.70381164550781,176.34307861328125,112.64786529541016,128.50550842285156,143.9149169921875,84.55360412597656,163.195556640625,146.61328125,175.37705993652344
74.09819030761719,115.7410659790039,175.0773468017578,91.64549255371094,142.3998565673828,156.95623779296875,109.67929077148438,184.56056213378906,170.28268432617188,170.78378295898438
85.04637908935547,113.65450286865234,168.7688751220703,93.41639709472656,114.83631896972656,151.60032653808594,112.27046203613281,179.56683349609375,170.09573364257812,169.15679931640625
87.26165771484375,111.94344329833984,168.71603393554688,95.27798461914062,141.2580108642578,127.63764953613281,117.21569061279297,177.83914184570312,174.6400909423828,168.16175842285156
89.31404113769531,90.35595703125,178.31044006347656,117.17991638183594,141.17446899414062,145.70579528808594,86.06656646728516,162.58935546875,142.54092407226562,181.27442932128906
71.0526351928711,113.2041015625,184.65573120117188,94.53499603271484,130.0858612060547,143.85745239257812,111.53016662597656,186.5130615234375,173.55259704589844,176.7921142578125
80.22354125976562,109.48005676269531,171.84671020507812,97.90681457519531,132.54542541503906,149.608642578125,109.08817291259766,178.9601593017578,169.7272491455078,171.44122314453125
84.05191802978516,107.12061309814453,171.48521423339844,99.5245361328125,128.57022094726562,146.74327087402344,100.42308044433594,171.47976684570312,166.36293029785156,166.3677520751953
78.81462097167969,97.50439453125,181.45753479003906,109.53340148925781,136.34275817871094,154.49610900878906,84.43443298339844,183.35397338867188,150.7236785888672,188.76934814453125
80.2364501953125,95.95845794677734,177.5851593017578,111.23185729980469,104.4033203125,133.84738159179688,84.14524841308594,171.17279052734375,148.14353942871094,181.87481689453125
80.98589324951172,98.7815933227539,180.72032165527344,108.76327514648438,116.74949645996094,129.55726623535156,92.87516784667969,178.54425048828125,146.50807189941406,183.7035675048828
71.53471374511719,100.89124298095703,184.0450439453125,106.30291748046875,130.84559631347656,153.89407348632812,90.71296691894531,183.01043701171875,150.73008728027344,188.5352783203125
84.0957260131836,112.36254119873047,165.0256805419922,95.16890716552734,117.83382415771484,145.86386108398438,116.41732025146484,171.50723266601562,172.18365478515625,159.01785278320312
74.32176208496094,101.1209716796875,179.0094757080078,106.77977752685547,127.77387237548828,161.26707458496094,89.08168029785156,170.22190856933594,163.73358154296875,172.57315063476562
87.30255126953125,108.32439422607422,170.6641845703125,99.00130462646484,156.23402404785156,145.16769409179688,105.24134826660156,179.7392120361328,164.79043579101562,171.31871032714844
75.10655212402344,86.0827407836914,182.79507446289062,121.49342346191406,109.5943374633789,154.71961975097656,71.41748046875,171.24957275390625,136.456298828125,192.5065460205078
76.84942626953125,95.36860656738281,183.98684692382812,112.55558776855469,112.38261413574219,133.728759765625,85.79827117919922,180.20973205566406,141.58352661132812,192.48275756835938
92.09602355957031,86.33889770507812,171.8385467529297,120.0521011352539,133.8357391357422,143.86778259277344,79.32576751708984,164.9993133544922,135.40882873535156,186.92999267578125
86.99848175048828,86.45177459716797,180.16708374023438,121.38890838623047,121.43522644042969,135.93873596191406,76.3227767944336,155.40245056152344,140.40728759765625,178.44639587402344
85.47273254394531,97.49591064453125,177.44198608398438,109.72382354736328,121.92561340332031,158.09869384765625,101.39765930175781,176.34506225585938,158.50286865234375,186.2230682373047
79.20130157470703,102.94132232666016,177.47657775878906,104.19951629638672,128.19879150390625,150.8224639892578,94.0328598022461,182.75437927246094,160.5831756591797,183.05172729492188
78.41109466552734,110.6082992553711,173.9028778076172,96.6078872680664,151.09689331054688,146.52178955078125,109.49411010742188,181.73419189453125,170.11386108398438,170.76309204101562
76.67726135253906,101.95069122314453,180.91885375976562,105.32898712158203,127.5726089477539,148.3833770751953,101.51144409179688,184.67742919921875,153.4136505126953,188.39402770996094
84.3862533569336,108.78002166748047,169.27731323242188,98.74535369873047,126.39555358886719,122.88841247558594,100.81105041503906,175.94308471679688,162.09539794921875,171.5011749267578
74.66935729980469,111.5202865600586,174.66839599609375,95.53324890136719,133.19393920898438,138.0920867919922,110.90097045898438,189.81552124023438,165.0116729736328,181.10604858398438
84.41217803955078,107.64722442626953,173.09197998046875,99.25353240966797,110.17303466796875,153.58665466308594,109.20147705078125,179.1298065185547,168.1105194091797,173.13253784179688
81.21585083007812,117.8891372680664,163.96044921875,89.46668243408203,122.46155548095703,137.30169677734375,115.28353881835938,181.11404418945312,170.02796936035156,162.25848388671875
89.52446746826172,97.40086364746094,171.09335327148438,109.69315338134766,127.61248016357422,143.83592224121094,96.61412048339844,173.9786376953125,143.2643280029297,181.52784729003906
67.00995635986328,100.01436614990234,195.06211853027344,107.2997817993164,119.0089111328125,133.46385192871094,91.6958999633789,176.43972778320312,162.4097442626953,181.14218139648438
88.29912567138672,107.0819091796875,166.86398315429688,99.5765380859375,123.47835540771484,136.61489868164062,105.87820434570312,173.45773315429688,159.48260498046875,169.27552795410156
91.69014739990234,91.35530090332031,166.63516235351562,116.32853698730469,94.59732055664062,132.11228942871094,82.83906555175781,161.4727325439453,140.44105529785156,178.8034210205078
88.18817901611328,106.34548950195312,167.82469177246094,100.42252349853516,104.88060760498047,147.0186004638672,108.50169372558594,182.97354125976562,153.9661865234375,178.46348571777344
77.66808319091797,102.1309585571289,181.0828857421875,104.53593444824219,114.36357116699219,141.43577575683594,93.31696319580078,174.1775360107422,163.39242553710938,177.0362091064453
86.83335876464844,97.67327880859375,173.23268127441406,109.25369262695312,143.09156799316406,133.87176513671875,88.42535400390625,163.72442626953125,154.0161895751953,174.7306671142578
77.94842529296875,111.0521240234375,171.26809692382812,96.87349700927734,140.22439575195312,146.8629150390625,100.16754913330078,176.1158905029297,172.82093811035156,161.81106567382812
72.73045349121094,105.92119598388672,171.46958923339844,101.3410415649414,143.59130859375,143.5873260498047,98.98982238769531,183.5438690185547,154.9237823486328,182.07191467285156
76.57147979736328,103.02214813232422,177.35487365722656,105.0127944946289,125.65914154052734,139.6265869140625,94.16152954101562,184.07281494140625,151.70005798339844,185.10482788085938
74.3306884765625,109.94173431396484,178.11563110351562,97.42943572998047,134.35501098632812,150.02130126953125,103.00869750976562,179.8443603515625,174.46563720703125,168.578369140625
87.59284973144531,103.52811431884766,166.8503875732422,103.38385009765625,114.97066497802734,123.2349853515625,85.12059783935547,169.18312072753906,147.84507751464844,169.7217254638672
76.3333969116211,105.080810546875,181.47471618652344,102.40218353271484,132.13735961914062,130.57728576660156,96.08154296875,168.20184326171875,169.8551025390625,166.29751586914062
82.73828887939453,104.11563110351562,170.43963623046875,103.19302368164062,134.29347229003906,139.28050231933594,106.95065307617188,180.69422912597656,160.31124877929688,177.14202880859375
77.92359924316406,107.21649169921875,182.82794189453125,99.80510711669922,124.3530044555664,146.01182556152344,101.87020111083984,180.27947998046875,168.02578735351562,174.7936553955078
83.0807876586914,106.20106506347656,173.95127868652344,101.26345825195312,134.71949768066406,142.17921447753906,92.89173889160156,169.53182983398438,170.4835968017578,163.06484985351562
90.98847198486328,101.42788696289062,168.48194885253906,106.2370834350586,117.50926208496094,148.2594757080078,95.67749786376953,163.4834442138672,156.0409393310547,169.22500610351562
77.70271301269531,117.28921508789062,166.12469482421875,91.00537109375,149.83258056640625,145.08682250976562,117.08216094970703,189.92837524414062,173.54525756835938,171.2187957763672
79.17922973632812,109.37328338623047,176.1318359375,97.30378723144531,112.7823486328125,130.64920043945312,98.24954986572266,180.52354431152344,158.0531005859375,176.51536560058594
80.903564453125,92.87541198730469,176.79312133789062,114.64998626708984,126.86865234375,147.9219512939453,90.56411743164062,184.41294860839844,135.38352966308594,192.92843627929688
78.14105224609375,89.9352798461914,183.74777221679688,117.29341125488281,126.32442474365234,120.7098388671875,76.10688781738281,165.1253662109375,141.8563232421875,181.4284210205078
78.23284149169922,105.18541717529297,178.80274963378906,102.46598815917969,114.72418975830078,137.11944580078125,91.78214263916016,174.6591033935547,165.9003448486328,171.17318725585938
79.43028259277344,120.16959381103516,174.3896942138672,86.98387145996094,128.37684631347656,134.26686096191406,117.27488708496094,181.26773071289062,178.94032287597656,161.35194396972656
84.99478149414062,104.48173522949219,174.07305908203125,102.89386749267578,140.6492156982422,147.89852905273438,102.00823974609375,180.79713439941406,158.4497833251953,179.67263793945312
76.65094757080078,89.0468978881836,184.4116668701172,118.24225616455078,136.77076721191406,146.88536071777344,78.49999237060547,172.87310791015625,141.0696258544922,187.46116638183594
78.60552978515625,92.28472900390625,178.61936950683594,116.09439849853516,131.30813598632812,164.77285766601562,76.28878784179688,164.34024047851562,147.1767578125,174.01034545898438
75.7774429321289,119.85871124267578,168.9751739501953,87.96815490722656,142.75250244140625,140.63519287109375,105.11662292480469,177.4034423828125,175.9984588623047,153.8880157470703
78.2160415649414,100.82718658447266,178.92514038085938,107.0318832397461,150.30255126953125,141.7546844482422,101.8888168334961,185.47105407714844,153.03990173339844,185.4032440185547
71.80077362060547,103.80829620361328,179.3184051513672,103.05284118652344,104.29096221923828,143.70204162597656,96.16529083251953,188.86224365234375,151.29537963867188,188.13511657714844
83.6241455078125,99.14344024658203,176.31057739257812,108.21885681152344,117.50263977050781,142.23338317871094,93.70647430419922,176.22723388671875,152.76568603515625,178.89071655273438
81.29911804199219,98.0582046508789,175.13587951660156,108.77593231201172,136.0730743408203,153.0505828857422,92.21089172363281,165.23074340820312,154.735595703125,171.7032928466797
76.15869140625,108.10723876953125,178.15692138671875,98.95429992675781,122.5238265991211,157.58575439453125,93.78199005126953,171.94435119628906,173.6902618408203,166.76559448242188
76.16999053955078,109.37240600585938,171.95156860351562,97.830322265625,155.35389709472656,129.42112731933594,104.35765838623047,173.6140594482422,172.80763244628906,165.5172119140625
84.40872192382812,110.25633239746094,164.0132293701172,96.9894790649414,115.7926254272461,138.27435302734375,107.99031066894531,184.70062255859375,158.5772247314453,177.73243713378906
78.57393646240234,108.4503173828125,181.62608337402344,98.65142822265625,123.4118881225586,153.88453674316406,104.87974548339844,178.30528259277344,168.3081512451172,173.02626037597656
74.20773315429688,110.78266906738281,182.03880310058594,96.04023742675781,134.09796142578125,142.62640380859375,111.26746368408203,187.41444396972656,159.92630004882812,185.13978576660156
79.223876953125,105.69733428955078,170.9563446044922,101.82600402832031,140.3955841064453,149.9805908203125,92.48624420166016,169.3939666748047,160.4686737060547,166.6741943359375
79.88810729980469,107.33737182617188,168.09703063964844,99.81025695800781,121.10865020751953,141.68978881835938,95.35020446777344,174.8888702392578,166.20333862304688,168.9136199951172
72.78789520263672,100.88682556152344,187.60348510742188,106.37418365478516,117.82965850830078,143.94503784179688,93.96762084960938,179.4246063232422,163.0615692138672,180.67303466796875
78.37706756591797,103.26243591308594,176.58518981933594,103.4004135131836,124.9417724609375,151.1240234375,103.99884796142578,187.0113525390625,157.1527099609375,187.6627197265625
79.37098693847656,97.6043472290039,175.6562957763672,109.37171936035156,137.00816345214844,149.3214111328125,87.98616790771484,172.638427734375,151.24295043945312,176.60984802246094
76.07562255859375,103.21446990966797,170.8557891845703,103.7982177734375,105.53057861328125,144.62147521972656,94.21326446533203,176.78652954101562,150.0568389892578,175.94837951660156
80.6546859741211,110.68468475341797,170.90647888183594,96.57540893554688,143.4681396484375,144.67408752441406,103.82433319091797,176.92828369140625,167.50865173339844,166.50852966308594
84.87195587158203,102.31194305419922,173.1167755126953,104.85952758789062,137.52105712890625,137.31396484375,91.69514465332031,168.4889373779297,163.15818786621094,168.29554748535156
77.98321533203125,119.33794403076172,169.76060485839844,88.4826431274414,130.77621459960938,139.2288818359375,116.09291076660156,181.61636352539062,176.8834228515625,163.98789978027344
77.0927963256836,110.80801391601562,173.7046661376953,97.06400299072266,140.38401794433594,136.99102783203125,114.87527465820312,187.77377319335938,174.97572326660156,177.30906677246094
71.5164566040039,126.58064270019531,167.3692626953125,82.54557800292969,156.8603515625,145.4889678955078,120.21720123291016,186.24732971191406,183.45416259765625,158.0596466064453
84.9987564086914,98.46276092529297,176.9408416748047,108.42234802246094,128.36410522460938,153.39955139160156,87.77888488769531,166.972900390625,160.63345336914062,174.51513671875
80.62321472167969,124.95415496826172,164.5860595703125,83.15201568603516,129.4425811767578,154.72811889648438,124.34436798095703,177.72323608398438,186.25030517578125,153.14141845703125
85.7942123413086,102.504638671875,170.30943298339844,105.36041259765625,119.15083312988281,150.81494140625,103.45072174072266,185.46612548828125,146.2840576171875,189.07855224609375
78.03630065917969,110.8804931640625,175.27114868164062,96.46878051757812,130.9363250732422,136.38565063476562,108.39735412597656,182.85531616210938,169.1501007080078,174.52520751953125
70.06050872802734,108.45954895019531,182.7406768798828,99.01483917236328,133.66281127929688,133.37420654296875,104.2495346069336,184.07412719726562,172.3308563232422,177.82847595214844
78.53180694580078,106.07247924804688,171.56298828125,101.313720703125,139.89610290527344,135.5261688232422,101.41777801513672,186.55245971679688,162.77206420898438,177.81336975097656
75.33013916015625,124.71112823486328,165.79254150390625,83.52838134765625,137.86300659179688,132.6259307861328,121.28173828125,179.53750610351562,180.8424835205078,151.62957763671875
82.88280487060547,95.35851287841797,181.68856811523438,111.55387878417969,140.4701690673828,136.60719299316406,91.1341323852539,173.35333251953125,150.31268310546875,182.2841033935547
72.58406066894531,115.84423065185547,172.24090576171875,91.25494384765625,122.39491271972656,128.38723754882812,98.99407196044922,180.1322021484375,174.60020446777344,161.28109741210938
80.75923919677734,101.87812042236328,181.3344268798828,105.37104797363281,125.26434326171875,121.38816833496094,93.27507019042969,172.74290466308594,159.8977508544922,178.0914764404297
76.66104888916016,117.86337280273438,168.8687744140625,89.61063385009766,127.00065612792969,143.1464080810547,122.52252197265625,186.56375122070312,176.60040283203125,168.5729522705078
79.67019653320312,101.59600830078125,177.1101531982422,105.56590270996094,133.91818237304688,149.51882934570312,92.04058837890625,170.45323181152344,165.62254333496094,170.07066345214844
81.09146118164062,125.20096588134766,167.16453552246094,82.97122192382812,116.75738525390625,132.9375,126.19711303710938,183.31454467773438,180.1753387451172,154.50747680664062
76.99573516845703,106.3025894165039,176.54446411132812,100.55839538574219,132.94984436035156,141.39707946777344,93.44515991210938,170.8777618408203,170.82794189453125,164.5283203125
72.87262725830078,112.83968353271484,173.9111785888672,94.88887023925781,134.90464782714844,144.1156768798828,105.12996673583984,182.51339721679688,167.48165893554688,171.04368591308594
81.59738159179688,103.14669036865234,176.60488891601562,103.98737335205078,136.64862060546875,139.38406372070312,91.71757507324219,170.36888122558594,164.2193603515625,170.6925811767578
82.70986938476562,120.18113708496094,167.6787109375,87.68460845947266,111.91383361816406,139.02442932128906,124.23788452148438,183.81565856933594,170.92901611328125,165.10501098632812
78.4009017944336,99.82437133789062,179.99244689941406,107.73896026611328,106.91734313964844,146.9906463623047,96.16325378417969,172.86770629882812,161.33416748046875,176.86679077148438
91.80009460449219,106.8007583618164,165.49415588378906,100.18843078613281,102.60942077636719,135.54852294921875,110.80267333984375,179.6820831298828,153.5626678466797,177.66494750976562
85.32597351074219,125.56938934326172,164.2835693359375,82.07129669189453,129.41799926757812,139.41580200195312,125.90211486816406,180.35140991210938,186.3216094970703,152.28768920898438
74.1541519165039,104.8607177734375,179.84912109375,102.198974609375,116.71112060546875,139.9883575439453,94.83824920654297,180.31243896484375,152.15029907226562,182.18807983398438
82.7658462524414,92.36751556396484,182.048828125,115.63218688964844,119.80479431152344,154.5242462158203,82.86012268066406,161.916015625,154.0374298095703,179.3765411376953
69.70616149902344,100.90904235839844,186.1767120361328,106.54381561279297,120.24285125732422,157.37522888183594,97.79837799072266,189.71371459960938,147.3184356689453,192.44740295410156
78.6702651977539,84.95401000976562,191.0740509033203,123.5661392211914,127.62271118164062,150.41062927246094,78.45500946044922,164.16458129882812,146.52825927734375,184.7648468017578
83.05304718017578,108.7930679321289,171.35951232910156,98.26063537597656,129.9079132080078,139.0983123779297,109.5791244506836,182.82020568847656,158.0924072265625,177.9748077392578
82.8172607421875,110.71832275390625,169.76243591308594,96.5183334350586,138.72557067871094,151.61341857910156,112.17353057861328,186.20443725585938,168.87371826171875,176.3820343017578
82.30357360839844,86.25394439697266,181.99041748046875,122.02178955078125,116.01513671875,146.59400939941406,79.4277114868164,162.65440368652344,143.12075805664062,184.69192504882812
81.82713317871094,100.11139678955078,179.5673370361328,107.1364517211914,147.1766815185547,140.87608337402344,98.89271545410156,173.4171600341797,163.35487365722656,174.91680908203125
82.31925964355469,98.94428253173828,175.27008056640625,107.86311340332031,115.01219177246094,158.50634765625,97.76445770263672,177.35548400878906,157.4722900390625,183.12844848632812
67.39813995361328,114.84680938720703,186.98605346679688,92.78179931640625,152.16757202148438,136.85704040527344,120.86018371582031,192.7166290283203,179.6486053466797,179.71580505371094
85.23291015625,87.60521697998047,179.14981079101562,120.09918212890625,134.2328338623047,140.73265075683594,72.7216567993164,155.0443878173828,148.6287841796875,179.7498321533203
85.845703125,113.23567962646484,165.97857666015625,93.6967544555664,142.12709045410156,139.58592224121094,115.03501892089844,176.9280242919922,170.6998291015625,162.12283325195312
67.39298248291016,108.06529998779297,186.2289581298828,99.4233169555664,134.0639190673828,167.91114807128906,101.6532211303711,186.2503204345703,164.13327026367188,182.44873046875
89.31207275390625,109.6155776977539,161.48927307128906,98.38349914550781,113.02471923828125,142.3922119140625,111.09127044677734,168.458984375,169.92471313476562,161.24435424804688
72.94297790527344,107.82231903076172,180.44357299804688,98.8840103149414,140.24801635742188,122.22804260253906,103.9970932006836,178.89071655273438,168.22796630859375,173.3667755126953
80.78536987304688,92.52449798583984,183.50758361816406,115.75668334960938,125.6102294921875,156.54580688476562,91.11935424804688,176.1061248779297,145.9021759033203,188.36422729492188
69.92098999023438,111.35144805908203,179.4191436767578,95.57781219482422,126.92649841308594,144.39471435546875,104.80774688720703,181.83706665039062,169.82630920410156,173.30531311035156
72.89408874511719,84.96910858154297,193.65390014648438,122.62324523925781,116.95875549316406,163.34420776367188,79.4028091430664,171.47146606445312,141.75848388671875,196.6105499267578
82.02204895019531,110.0694351196289,170.56854248046875,97.32457733154297,133.3564453125,144.3983917236328,101.67630767822266,168.9499969482422,170.62222290039062,160.3155975341797
84.89823913574219,102.41097259521484,175.36227416992188,104.77619934082031,143.78598022460938,135.87718200683594,94.14075469970703,169.42440795898438,156.94615173339844,168.279541015625
73.21089935302734,104.87261199951172,174.96249389648438,102.49383544921875,116.57710266113281,147.450927734375,85.71776580810547,173.3985595703125,161.75604248046875,171.30157470703125
78.54818725585938,93.47372436523438,188.1175079345703,114.28882598876953,128.82269287109375,154.0290985107422,84.39653015136719,162.9539337158203,162.32598876953125,174.3822784423828
84.95589447021484,102.3882827758789,170.46717834472656,104.29759979248047,135.13360595703125,143.18960571289062,92.31648254394531,167.6089324951172,160.47152709960938,166.6205291748047
80.4212646484375,113.873046875,165.9591827392578,93.34032440185547,145.87832641601562,134.72113037109375,116.99259948730469,180.27711486816406,171.31881713867188,167.6102294921875
81.24716186523438,106.49980163574219,180.87460327148438,100.3281478881836,126.16259765625,129.34075927734375,97.14854431152344,178.1553497314453,162.2496337890625,175.14990234375
87.83241271972656,111.97444152832031,162.86474609375,95.73408508300781,151.42591857910156,137.5528564453125,119.15418243408203,178.28128051757812,174.14028930664062,163.63510131835938
75.36451721191406,124.07921600341797,162.20904541015625,84.1279525756836,139.50868225097656,153.96060180664062,117.19954681396484,181.59585571289062,182.92367553710938,153.0830078125
89.31542205810547,100.31575012207031,170.74075317382812,106.9350814819336,100.36646270751953,138.87208557128906,95.5710678100586,169.6013641357422,154.4743194580078,174.8839569091797
85.87153625488281,102.87550354003906,177.15138244628906,104.3798599243164,110.6854476928711,153.58924865722656,107.08731079101562,190.1012420654297,148.10997009277344,194.48049926757812
84.61690521240234,102.1706314086914,177.85496520996094,105.29608154296875,109.4994888305664,152.26641845703125,102.2310791015625,181.2911376953125,151.7123565673828,188.40187072753906
71.21376037597656,108.302978515625,186.44235229492188,99.22383117675781,124.07816314697266,143.8131866455078,106.33820343017578,189.6700897216797,158.93150329589844,186.4403076171875
80.7140884399414,103.7452163696289,175.63299560546875,103.48194122314453,116.7631607055664,140.6792755126953,107.26564025878906,188.13319396972656,155.16748046875,187.3521728515625
86.00244903564453,102.23839569091797,170.837890625,105.10308837890625,116.48049926757812,131.00108337402344,100.69689178466797,181.3690185546875,151.95059204101562,179.78314208984375
78.20067596435547,102.7502212524414,173.3146209716797,104.36766815185547,122.92972564697266,150.9151153564453,93.20234680175781,171.27679443359375,162.16334533691406,170.78091430664062
79.86943054199219,121.01252746582031,168.69549560546875,86.98133087158203,134.74839782714844,152.00498962402344,126.639892578125,187.07431030273438,176.60537719726562,167.57302856445312
81.32428741455078,116.23956298828125,171.15248107910156,90.70538330078125,126.5049819946289,146.98138427734375,114.4180908203125,179.55259704589844,180.37779235839844,160.64759826660156
75.07528686523438,100.11912536621094,184.51412963867188,106.8182601928711,132.3900604248047,140.24647521972656,92.5197525024414,178.963134765625,151.9208526611328,182.92416381835938
81.07286834716797,109.3270263671875,177.47023010253906,97.59803771972656,137.1156768798828,150.3495330810547,103.38875579833984,179.0060272216797,169.6622772216797,169.2883758544922
75.25895690917969,109.22537994384766,175.84637451171875,98.05353546142578,133.69268798828125,156.73146057128906,103.78612518310547,179.52513122558594,168.7376251220703,171.01515197753906
79.44710540771484,95.1805191040039,178.1702423095703,111.79951477050781,133.1219940185547,144.24412536621094,94.34117889404297,176.61549377441406,150.2843017578125,186.2368927001953
83.49822998046875,104.70606231689453,178.315673828125,102.89564514160156,128.98692321777344,142.0347137451172,101.34650421142578,172.77212524414062,172.45358276367188,169.0773468017578
88.1717300415039,110.825927734375,163.8275604248047,96.1540298461914,123.92145538330078,132.56634521484375,114.8973159790039,172.57376098632812,166.3097381591797,164.4154510498047
84.53810119628906,98.9424819946289,180.9846954345703,108.6082763671875,127.32984924316406,126.16482543945312,94.4833984375,173.94497680664062,154.04608154296875,178.53765869140625
82.14338684082031,108.54380798339844,175.2831573486328,99.29562377929688,137.54910278320312,133.7372589111328,107.23272705078125,173.98802185058594,173.3454132080078,165.72879028320312
81.27093505859375,108.4036636352539,169.63551330566406,98.6065444946289,126.94442749023438,139.99215698242188,95.48271179199219,174.71681213378906,159.33935546875,170.25375366210938
70.52385711669922,110.86328125,183.40966796875,96.5595703125,126.97230529785156,136.91348266601562,97.57386016845703,176.45944213867188,173.7408447265625,167.13951110839844
89.71623992919922,95.19156646728516,172.71649169921875,112.67607116699219,99.37940216064453,146.55422973632812,89.50151824951172,171.7665557861328,135.43792724609375,184.0565185546875
71.31806182861328,110.5445327758789,179.6558380126953,96.6206283569336,126.5051498413086,137.17750549316406,99.17161560058594,183.06690979003906,165.05955505371094,174.66119384765625
87.8464584350586,102.01988983154297,173.10476684570312,104.5519790649414,159.48504638671875,148.54966735839844,106.80467987060547,181.86851501464844,154.0408477783203,183.60165405273438
77.17011260986328,112.47666931152344,175.0863037109375,94.93965911865234,141.23245239257812,137.4716033935547,109.94647216796875,184.85260009765625,162.2454071044922,175.33731079101562
78.60189819335938,108.05903625488281,169.97544860839844,99.22874450683594,119.32240295410156,138.7347869873047,99.03353881835938,176.52406311035156,159.1273193359375,171.02218627929688
83.45719909667969,99.48712158203125,175.81712341308594,107.78047180175781,129.9241485595703,142.55540466308594,95.3078842163086,164.40281677246094,158.6704559326172,169.42652893066406
76.7343521118164,87.98790740966797,188.22872924804688,119.74706268310547,130.6898193359375,147.07733154296875,75.64787292480469,162.2225799560547,145.36207580566406,181.39625549316406
74.26099395751953,92.9227294921875,189.3104248046875,114.22408294677734,124.481689453125,154.802490234375,83.92816925048828,177.64572143554688,147.68075561523438,190.87408447265625
87.58976745605469,108.79473114013672,167.68032836914062,98.4449234008789,122.35662078857422,141.28187561035156,101.72101593017578,174.92449951171875,171.229736328125,167.40255737304688
81.1827621459961,87.94437408447266,185.6292266845703,118.96295928955078,132.5944061279297,154.0384521484375,78.50438690185547,163.58953857421875,149.8593292236328,180.74942016601562
77.73948669433594,113.02619934082031,172.8040008544922,94.54215240478516,138.7982177734375,138.79579162597656,112.3634033203125,186.25607299804688,164.30215454101562,177.70578002929688
90.23739624023438,87.54226684570312,175.99688720703125,120.69188690185547,130.7208709716797,147.56948852539062,70.34819030761719,153.4710235595703,138.97462463378906,177.2583770751953
76.50901794433594,109.19185638427734,173.35597229003906,97.82047271728516,122.32532501220703,140.4971923828125,101.93634033203125,178.23837280273438,165.04702758789062,174.30686950683594
84.7013931274414,88.9232177734375,180.60227966308594,119.3746337890625,125.46912384033203,143.67572021484375,86.20893096923828,162.24090576171875,142.0828399658203,180.90821838378906
81.3534164428711,113.17928314208984,172.12049865722656,93.91724395751953,139.9503631591797,151.15785217285156,113.08842468261719,179.2449188232422,169.46531677246094,167.5888671875
80.65695190429688,118.05426788330078,168.5032958984375,89.0741195678711,146.4936065673828,140.17796325683594,107.64180755615234,180.21046447753906,177.36183166503906,158.34722900390625
83.36177062988281,100.82140350341797,178.22329711914062,106.23622131347656,127.33123016357422,134.20144653320312,101.2150650024414,171.180908203125,159.0099639892578,175.52679443359375
90.36100006103516,88.70906066894531,179.3141632080078,118.69267272949219,107.25035858154297,143.4393768310547,86.97451782226562,162.06695556640625,148.67160034179688,181.5631866455078
80.76223754882812,113.56967163085938,169.4401092529297,93.19621276855469,108.92767333984375,136.37045288085938,111.69168853759766,183.82203674316406,159.8890838623047,173.9596405029297
83.51700592041016,120.73006439208984,172.80831909179688,86.1915283203125,143.8542022705078,141.60989379882812,119.81236267089844,182.9224853515625,180.8991241455078,160.2030487060547
74.70014190673828,99.79206085205078,181.7394561767578,107.97674560546875,115.39923095703125,163.79763793945312,87.36766052246094,173.05160522460938,163.23330688476562,177.50941467285156
77.6090087890625,96.37194061279297,177.74783325195312,110.49563598632812,107.52715301513672,149.8654327392578,84.83995056152344,173.77737426757812,153.4396209716797,182.9149627685547
78.33086395263672,114.39268493652344,172.29551696777344,92.89383697509766,131.54412841796875,148.61741638183594,104.64140319824219,175.50477600097656,176.73345947265625,160.91970825195312
82.08308410644531,106.10563659667969,176.74815368652344,101.12250518798828,120.55191040039062,136.15614318847656,99.18941497802734,173.03636169433594,158.45265197753906,165.7694091796875
88.12277221679688,95.22938537597656,173.84434509277344,112.05528259277344,143.61700439453125,134.12387084960938,96.74773406982422,163.80126953125,152.99717712402344,172.73309326171875
82.87869262695312,117.073974609375,165.42105102539062,90.41719055175781,130.5775146484375,148.2116241455078,116.57644653320312,176.5043487548828,174.01968383789062,158.2257537841797
75.62057495117188,129.05662536621094,167.39895629882812,79.15640258789062,132.80038452148438,132.47547912597656,127.51409149169922,186.43280029296875,184.76206970214844,151.90773010253906
92.40400695800781,102.1014404296875,172.60609436035156,105.74166870117188,130.7589569091797,138.88621520996094,97.8460922241211,169.66650390625,154.21420288085938,173.84811401367188
79.75932312011719,96.60289764404297,186.95870971679688,110.58171844482422,124.8982162475586,156.38446044921875,91.39185333251953,173.76651000976562,158.37661743164062,181.8426971435547
67.66268920898438,120.86481475830078,179.46762084960938,87.15852355957031,124.54949188232422,142.0770263671875,115.3693618774414,186.13612365722656,173.46141052246094,170.6151123046875
88.97551727294922,98.80245971679688,169.31756591796875,108.40153503417969,140.3573455810547,128.62562561035156,91.52632904052734,163.58599853515625,150.23121643066406,167.64788818359375
73.4466781616211,124.60946655273438,168.3750457763672,83.14441680908203,144.44387817382812,138.66331481933594,118.49574279785156,185.8126983642578,177.9090576171875,158.77845764160156
84.02328491210938,89.03971099853516,179.80645751953125,118.12554931640625,131.57933044433594,127.77088928222656,78.05424499511719,155.7337188720703,138.6935272216797,177.470947265625
75.79208374023438,104.84345245361328,178.48690795898438,101.60511779785156,132.9071502685547,157.4434814453125,105.28960418701172,189.92100524902344,155.31771850585938,186.25234985351562
78.95645141601562,96.25325775146484,181.89556884765625,110.6688003540039,148.39923095703125,131.932861328125,94.22040557861328,171.82144165039062,160.34539794921875,180.94451904296875
68.10032653808594,116.40144348144531,178.62979125976562,90.9009017944336,125.0797119140625,158.0001983642578,109.97454833984375,189.98182678222656,171.54470825195312,178.14930725097656
82.5583724975586,95.16704559326172,176.06800842285156,112.78266906738281,102.43243408203125,145.58970642089844,92.58924102783203,173.76077270507812,142.88209533691406,186.2089385986328
83.14676666259766,107.96891021728516,178.78135681152344,99.92142486572266,153.3692626953125,130.90994262695312,116.6766357421875,177.92803955078125,176.4886016845703,173.8623504638672
78.98887634277344,119.67181396484375,173.41586303710938,88.2288589477539,134.41021728515625,140.91685485839844,115.4800033569336,178.06271362304688,181.6916961669922,158.9030303955078
88.66712188720703,109.2227783203125,166.345947265625,98.28411102294922,130.48435974121094,145.6348876953125,108.08402252197266,170.6999969482422,170.4400177001953,163.61517333984375
85.44126892089844,112.01371765136719,162.88902282714844,95.07667541503906,113.97661590576172,146.27769470214844,121.64875793457031,187.5281982421875,163.5425567626953,177.50201416015625
79.89591217041016,101.75880432128906,173.62554931640625,105.18267059326172,113.57858276367188,124.85818481445312,88.89350128173828,178.96875,137.36972045898438,181.8328094482422
79.59396362304688,119.93208312988281,166.24124145507812,88.44795227050781,133.0086212158203,143.5552978515625,112.90702819824219,173.47979736328125,179.60665893554688,149.6919708251953
77.54130554199219,96.7449722290039,187.6324920654297,110.75040435791016,125.78410339355469,138.0286102294922,91.66979217529297,179.8267822265625,149.67625427246094,188.10504150390625
83.10163116455078,98.24588012695312,171.19593811035156,108.51142120361328,110.16815948486328,150.4148406982422,91.65757751464844,172.67599487304688,145.49929809570312,179.79354858398438
82.59725189208984,110.30274963378906,170.4347381591797,96.91372680664062,114.3746566772461,146.7107696533203,107.12979125976562,185.7279815673828,158.58029174804688,179.07009887695312
64.74927520751953,103.32230377197266,186.58206176757812,103.87928771972656,123.65706634521484,156.5157012939453,95.03067016601562,188.1472625732422,159.9305877685547,189.6003875732422
82.99464416503906,110.63719177246094,171.85684204101562,96.79943084716797,129.82687377929688,132.5983428955078,105.36725616455078,171.04139709472656,172.8909912109375,159.71157836914062
75.35584259033203,102.88427734375,178.02706909179688,104.26223754882812,110.74805450439453,147.1995391845703,93.01969909667969,167.60833740234375,168.2835235595703,170.79183959960938
86.70549011230469,105.24263763427734,177.2932891845703,101.41964721679688,112.05643463134766,137.8720245361328,100.65003204345703,176.9696807861328,158.3756103515625,175.9068603515625
88.2046890258789,102.24835205078125,170.8666229248047,104.98394012451172,129.08016967773438,136.60984802246094,96.53305053710938,170.74827575683594,157.12025451660156,171.35028076171875
90.25019836425781,107.96836853027344,168.06121826171875,99.59791564941406,106.3648681640625,131.2388916015625,105.72286987304688,177.8673095703125,156.30101013183594,172.12307739257812
85.3918685913086,100.91559600830078,169.03944396972656,106.29867553710938,124.95455932617188,140.34434509277344,92.11817932128906,169.58291625976562,150.48341369628906,174.8128662109375
88.71922302246094,106.11817169189453,167.68728637695312,101.55949401855469,96.27767944335938,142.6257781982422,101.734619140625,180.3348388671875,148.62193298339844,176.47653198242188
91.83021545410156,94.37617492675781,172.77285766601562,112.61517333984375,115.21672058105469,137.9654083251953,87.33799743652344,164.33096313476562,149.6858673095703,177.21517944335938
75.84030151367188,108.16470336914062,184.1580810546875,99.21650695800781,141.4193572998047,151.492919921875,108.73421478271484,190.45159912109375,164.47706604003906,182.37464904785156
82.31623840332031,109.4736557006836,167.39210510253906,97.79684448242188,152.73233032226562,133.74473571777344,118.4964370727539,181.14439392089844,169.27627563476562,172.050048828125
88.7942123413086,108.06383514404297,165.63623046875,99.2879409790039,150.18722534179688,134.93560791015625,115.64686584472656,180.98626708984375,162.83641052246094,173.65951538085938
83.91709899902344,110.93968963623047,168.078857421875,96.510009765625,139.23330688476562,136.1167755126953,107.58712768554688,179.271240234375,173.35585021972656,168.1261444091797
85.69706726074219,104.0403060913086,175.44674682617188,103.06404876708984,112.51586151123047,116.32959747314453,97.81499481201172,174.91436767578125,156.8672637939453,176.7870635986328
87.06781768798828,90.90320587158203,179.23641967773438,116.43038177490234,117.86909484863281,137.2869110107422,82.17649841308594,164.42337036132812,146.97105407714844,182.18763732910156
74.6705093383789,108.547119140625,179.00469970703125,98.72362518310547,136.30337524414062,146.68536376953125,97.62541198730469,182.4739227294922,164.971435546875,175.55453491210938
79.0207290649414,104.59954071044922,173.87167358398438,102.6576156616211,139.95318603515625,125.02306365966797,110.78498840332031,179.9761199951172,167.1442413330078,176.80360412597656
75.16194152832031,99.54439544677734,181.3566131591797,107.72982788085938,136.14297485351562,138.70944213867188,96.96543884277344,179.43716430664062,145.5236053466797,183.81455993652344
84.44737243652344,114.00785827636719,163.90866088867188,93.91567993164062,129.68556213378906,131.70314025878906,103.0659408569336,172.51187133789062,171.61888122558594,160.69256591796875
79.34332275390625,94.99144744873047,183.2701416015625,112.16289520263672,136.88641357421875,150.01065063476562,95.9324951171875,182.56387329101562,144.4307098388672,190.00706481933594
79.73375701904297,94.8140869140625,183.22412109375,112.29603576660156,114.79129028320312,129.05479431152344,85.01365661621094,171.37716674804688,146.20230102539062,180.53428649902344
85.1128158569336,112.46601867675781,167.87942504882812,94.60155487060547,132.53514099121094,143.66006469726562,108.008056640625,179.09347534179688,163.2479248046875,169.13772583007812
75.36668395996094,118.27972412109375,170.85336303710938,88.94123840332031,146.98085021972656,146.39093017578125,112.97399139404297,181.9331817626953,176.84962463378906,160.82997131347656
78.2203369140625,117.8696517944336,164.62681579589844,90.26701354980469,123.56922149658203,151.16485595703125,117.6996078491211,177.06509399414062,177.59683227539062,157.58055114746094
64.71214294433594,104.7502670288086,192.86166381835938,102.54507446289062,137.64334106445312,130.69631958007812,105.47760009765625,187.13198852539062,162.5125274658203,185.25833129882812
86.16136169433594,94.15240478515625,176.16871643066406,113.01831817626953,142.3121795654297,138.78639221191406,91.36275482177734,159.27197265625,156.05845642089844,171.90579223632812
80.59249877929688,108.35577392578125,170.23313903808594,98.70177459716797,132.40811157226562,150.94993591308594,95.07415008544922,172.4229736328125,165.81546020507812,166.04818725585938
68.08245849609375,109.54051208496094,178.83497619628906,98.17158508300781,127.56485748291016,159.38351440429688,97.26289367675781,178.75596618652344,171.68179321289062,169.75732421875
83.52074432373047,118.86162567138672,163.46768188476562,88.58409881591797,116.97838592529297,138.13731384277344,115.33341979980469,180.98919677734375,173.01596069335938,159.97537231445312
81.84973907470703,119.704345703125,167.1614227294922,88.27879333496094,126.72708129882812,126.2573471069336,118.1260986328125,180.03872680664062,178.21115112304688,158.37852478027344
85.75963592529297,104.89640045166016,173.63584899902344,102.55218505859375,132.6790771484375,133.16688537597656,101.7009048461914,171.71815490722656,166.91969299316406,169.63787841796875
81.108642578125,93.26229095458984,181.7526397705078,114.79733276367188,132.8280487060547,153.68502807617188,87.8810043334961,177.8310089111328,149.36485290527344,188.3009033203125
84.97307586669922,101.70228576660156,177.12107849121094,104.92613983154297,128.4556427001953,135.38526916503906,105.8694076538086,176.16668701171875,157.99110412597656,178.97720336914062
61.06930160522461,103.05873107910156,194.32176208496094,103.98332977294922,128.443603515625,148.8938446044922,97.51052856445312,191.58926391601562,158.23736572265625,192.59352111816406
80.89852905273438,109.13481903076172,176.07925415039062,98.53652954101562,125.92619323730469,150.91392517089844,106.58961486816406,177.4757080078125,169.22833251953125,171.93695068359375
80.70265197753906,86.3388900756836,179.70518493652344,121.44819641113281,122.760009765625,145.73992919921875,70.16688537597656,158.65966796875,140.65109252929688,179.65066528320312
90.8582992553711,91.36138916015625,175.68841552734375,116.7889404296875,134.35009765625,137.58570861816406,86.88550567626953,157.5040283203125,148.17807006835938,176.56539916992188
76.60271453857422,92.03240203857422,184.0189208984375,115.79446411132812,130.26710510253906,147.02259826660156,80.13361358642578,170.7823944091797,145.91358947753906,184.7764892578125
77.34041595458984,84.08148956298828,184.44302368164062,122.92110443115234,128.14480590820312,153.08377075195312,73.66950988769531,166.92300415039062,137.63302612304688,187.02493286132812
79.18924713134766,107.98674011230469,170.07730102539062,99.89856719970703,126.37100982666016,155.44114685058594,105.79737854003906,179.38331604003906,154.0772705078125,175.04684448242188
80.68603515625,98.88095092773438,180.4747772216797,107.59334564208984,129.54290771484375,145.86480712890625,91.41053009033203,174.50051879882812,158.20065307617188,177.3491668701172
71.44043731689453,100.70240020751953,186.7294464111328,106.00038146972656,126.4818344116211,136.86306762695312,90.48503875732422,177.11361694335938,159.38702392578125,181.64395141601562
81.9934310913086,104.62052154541016,181.91201782226562,102.44628143310547,135.87445068359375,133.17181396484375,100.50728607177734,175.95611572265625,165.1988525390625,174.120849609375
86.52118682861328,100.31043243408203,173.57373046875,107.44835662841797,115.94841766357422,150.11570739746094,106.58714294433594,182.78855895996094,152.62989807128906,187.52146911621094
78.47805786132812,107.19393157958984,182.1768035888672,99.94280242919922,159.33712768554688,130.29051208496094,116.53998565673828,187.41738891601562,168.4989776611328,182.44256591796875
66.57953643798828,108.89214324951172,182.94276428222656,98.28544616699219,131.85125732421875,153.91110229492188,93.032470703125,188.44696044921875,166.72315979003906,179.02252197265625
74.78427124023438,104.85123443603516,177.7548370361328,102.46849060058594,125.40031433105469,142.48751831054688,92.36740112304688,171.82516479492188,167.20425415039062,168.2775115966797
89.73836517333984,100.06947326660156,169.28887939453125,108.06364440917969,102.02108764648438,141.6153564453125,95.53421783447266,170.91688537597656,147.51763916015625,177.0050048828125
87.47164916992188,103.27519989013672,175.69375610351562,104.66645812988281,153.64100646972656,146.74159240722656,97.32080078125,174.1615753173828,163.78627014160156,172.37733459472656
76.98104095458984,109.0357666015625,171.2513885498047,98.12777709960938,115.63385009765625,140.50579833984375,96.3619155883789,176.02857971191406,157.5626983642578,171.24740600585938
79.78785705566406,98.42365264892578,179.3256378173828,108.74472045898438,144.4716033935547,139.20144653320312,91.77513885498047,167.44334411621094,166.1973876953125,172.35635375976562
83.6905746459961,125.42027282714844,159.35760498046875,82.9659194946289,126.54782104492188,146.2438507080078,129.27066040039062,182.68228149414062,181.29148864746094,154.4434356689453
89.3126449584961,89.09941864013672,178.20989990234375,118.34710693359375,135.32122802734375,157.7708740234375,89.32783508300781,166.85415649414062,140.66941833496094,182.1956024169922
79.21128845214844,103.8206558227539,172.92547607421875,103.47724914550781,150.82455444335938,133.11105346679688,111.52230072021484,184.04702758789062,164.91775512695312,180.6267852783203
81.02796936035156,115.69375610351562,173.9510040283203,91.69013214111328,121.11734771728516,151.1290283203125,122.11239624023438,187.94956970214844,170.41104125976562,172.74893188476562
82.67496490478516,102.29169464111328,177.39198303222656,104.27578735351562,114.72407531738281,145.6011505126953,94.37571716308594,167.44989013671875,159.90313720703125,172.9785614013672
81.15644836425781,107.06969451904297,176.0189971923828,100.15069580078125,140.7538299560547,128.3662872314453,108.14874267578125,184.9552459716797,163.18173217773438,175.416748046875
73.53730773925781,101.20869445800781,180.0188446044922,106.56342315673828,115.50464630126953,151.2537384033203,86.1922378540039,164.85653686523438,164.73733520507812,169.96347045898438
88.57160949707031,94.38661193847656,169.6370086669922,112.87773132324219,123.9147720336914,136.52029418945312,88.43098449707031,167.59628295898438,144.02183532714844,178.29348754882812
83.94844818115234,114.49952697753906,160.05181884765625,92.78485107421875,127.30094146728516,139.40452575683594,111.59232330322266,176.95948791503906,170.00254821777344,157.6410675048828
81.92692565917969,92.99159240722656,183.14822387695312,114.22117614746094,138.01791381835938,137.10025024414062,88.67414855957031,172.5586395263672,144.42713928222656,181.68344116210938
75.27812957763672,105.9273910522461,184.57801818847656,100.75762176513672,134.14292907714844,143.00411987304688,94.16288757324219,168.98927307128906,178.14501953125,163.62733459472656
78.34524536132812,100.47502899169922,177.4783477783203,106.38542938232422,125.13890075683594,151.16932678222656,93.6823501586914,170.4756317138672,159.82069396972656,175.01242065429688
73.68559265136719,109.73856353759766,173.1458740234375,97.44715881347656,139.94601440429688,150.5631866455078,98.80511474609375,175.77793884277344,165.68136596679688,165.9114990234375
81.86969757080078,110.05596923828125,168.3431396484375,97.29136657714844,135.2306671142578,135.49224853515625,112.39176940917969,183.18946838378906,159.36331176757812,174.62205505371094
82.32854461669922,105.53489685058594,175.20941162109375,101.23260498046875,115.07453155517578,130.42041015625,93.38020324707031,178.10804748535156,153.33506774902344,177.06983947753906
80.44276428222656,114.1214828491211,170.6107177734375,93.72241973876953,139.87423706054688,142.9657440185547,102.59466552734375,173.95132446289062,175.06126403808594,158.86366271972656
79.63655853271484,102.85359954833984,176.04261779785156,104.58577728271484,130.93006896972656,118.02845001220703,94.23414611816406,172.22372436523438,156.64024353027344,173.72479248046875
84.54055786132812,120.37602996826172,167.98468017578125,86.8453598022461,123.32011413574219,154.9664764404297,111.76254272460938,177.70567321777344,179.57765197753906,153.4266815185547
84.33604431152344,88.65643310546875,180.90023803710938,119.37667083740234,133.45367431640625,137.4103546142578,81.66301727294922,161.3537139892578,145.356201171875,180.20993041992188
84.07965087890625,114.38245391845703,164.91683959960938,93.52403259277344,130.61215209960938,134.82688903808594,111.84022521972656,180.4098358154297,167.12518310546875,164.03857421875
89.25041198730469,99.03545379638672,176.65765380859375,108.59185028076172,109.92564392089844,137.6799774169922,95.92459869384766,175.53582763671875,145.9210205078125,184.9058380126953
78.9467544555664,111.58880615234375,178.5370635986328,96.22196197509766,142.49920654296875,147.93515014648438,101.93167114257812,180.28196716308594,172.1427764892578,170.0972442626953
75.8946762084961,95.36971282958984,186.77630615234375,112.30390930175781,125.14666748046875,156.3607635498047,83.67567443847656,162.506591796875,161.6580810546875,176.1317138671875
73.4033203125,111.23182678222656,176.8534393310547,96.80595397949219,127.18535614013672,141.71241760253906,99.2054443359375,179.90586853027344,172.3179931640625,170.96478271484375
77.38713073730469,112.04766845703125,169.92042541503906,95.2645263671875,141.66236877441406,141.90988159179688,110.14366912841797,186.93251037597656,159.0552520751953,176.75225830078125
80.2367935180664,103.57942199707031,174.06211853027344,103.10900115966797,114.34632110595703,147.9523162841797,92.46338653564453,178.90304565429688,155.4976043701172,178.05026245117188
74.95332336425781,107.67981719970703,182.68077087402344,99.44647979736328,121.63065338134766,150.54934692382812,95.05554962158203,179.13941955566406,167.73062133789062,172.24073791503906
84.46195983886719,96.01899719238281,179.77243041992188,111.25313568115234,126.49285125732422,155.9337615966797,88.1542739868164,165.5976104736328,155.6831512451172,176.34671020507812
84.44316864013672,92.31570434570312,182.62718200683594,115.66632080078125,116.76753997802734,152.77162170410156,83.0546646118164,167.80865478515625,141.8286590576172,184.8007049560547
